dataset,distribution,dataset_size,precision,rep,algorithm,checkpoint,stream_index,true_cardinality,estimated_cardinality,relative_error
bounded_dense_1m_1000000.txt,bounded_dense_1m,1000000,14,0,ll,200,210,200,199.206,0.00396931
bounded_dense_1m_1000000.txt,bounded_dense_1m,1000000,14,0,ll,400,433,400,400.864,0.00216046
bounded_dense_1m_1000000.txt,bounded_dense_1m,1000000,14,0,ll,600,688,600,602.96,0.00493356
bounded_dense_1m_1000000.txt,bounded_dense_1m,1000000,14,0,ll,800,978,800,810.732,0.013415
bounded_dense_1m_1000000.txt,bounded_dense_1m,1000000,14,0,ll,1000,1308,1000,1010.53,0.0105329
bounded_dense_1m_1000000.txt,bounded_dense_1m,1000000,14,0,ll,1200,1738,1200,1218.19,0.0151546
bounded_dense_1m_1000000.txt,bounded_dense_1m,1000000,14,0,ll,1400,2333,1400,1408.88,0.00633976
bounded_dense_1m_1000000.txt,bounded_dense_1m,1000000,14,0,ll,1600,3086,1600,1607.33,0.00457865
bounded_dense_1m_1000000.txt,bounded_dense_1m,1000000,14,0,ll,1800,4596,1800,1809.33,0.00518109
bounded_dense_1m_1000000.txt,bounded_dense_1m,1000000,14,0,ll,2000,14824,2000,2016.11,0.00805471
bounded_dense_1m_1000000.txt,bounded_dense_1m,1000000,14,0,hll,200,210,200,199.206,0.00396931
bounded_dense_1m_1000000.txt,bounded_dense_1m,1000000,14,0,hll,400,433,400,400.864,0.00216046
bounded_dense_1m_1000000.txt,bounded_dense_1m,1000000,14,0,hll,600,688,600,602.96,0.00493356
bounded_dense_1m_1000000.txt,bounded_dense_1m,1000000,14,0,hll,800,978,800,810.732,0.013415
bounded_dense_1m_1000000.txt,bounded_dense_1m,1000000,14,0,hll,1000,1308,1000,1010.53,0.0105329
bounded_dense_1m_1000000.txt,bounded_dense_1m,1000000,14,0,hll,1200,1738,1200,1218.19,0.0151546
bounded_dense_1m_1000000.txt,bounded_dense_1m,1000000,14,0,hll,1400,2333,1400,1408.88,0.00633976
bounded_dense_1m_1000000.txt,bounded_dense_1m,1000000,14,0,hll,1600,3086,1600,1607.33,0.00457865
bounded_dense_1m_1000000.txt,bounded_dense_1m,1000000,14,0,hll,1800,4596,1800,1809.33,0.00518109
bounded_dense_1m_1000000.txt,bounded_dense_1m,1000000,14,0,hll,2000,14824,2000,2016.11,0.00805471
bounded_dense_1m_1000000.txt,bounded_dense_1m,1000000,14,0,hll++,200,210,200,200,0
bounded_dense_1m_1000000.txt,bounded_dense_1m,1000000,14,0,hll++,400,433,400,400,0
bounded_dense_1m_1000000.txt,bounded_dense_1m,1000000,14,0,hll++,600,688,600,600,0
bounded_dense_1m_1000000.txt,bounded_dense_1m,1000000,14,0,hll++,800,978,800,800,0
bounded_dense_1m_1000000.txt,bounded_dense_1m,1000000,14,0,hll++,1000,1308,1000,1000,0
bounded_dense_1m_1000000.txt,bounded_dense_1m,1000000,14,0,hll++,1200,1738,1200,1200,0
bounded_dense_1m_1000000.txt,bounded_dense_1m,1000000,14,0,hll++,1400,2333,1400,1400,0
bounded_dense_1m_1000000.txt,bounded_dense_1m,1000000,14,0,hll++,1600,3086,1600,1600,0
bounded_dense_1m_1000000.txt,bounded_dense_1m,1000000,14,0,hll++,1800,4596,1800,1800,0
bounded_dense_1m_1000000.txt,bounded_dense_1m,1000000,14,0,hll++,2000,14824,2000,2000,0
bounded_dense_1m_1000000.txt,bounded_dense_1m,1000000,14,1,ll,200,210,200,199.206,0.00396931
bounded_dense_1m_1000000.txt,bounded_dense_1m,1000000,14,1,ll,400,433,400,400.864,0.00216046
bounded_dense_1m_1000000.txt,bounded_dense_1m,1000000,14,1,ll,600,688,600,602.96,0.00493356
bounded_dense_1m_1000000.txt,bounded_dense_1m,1000000,14,1,ll,800,978,800,810.732,0.013415
bounded_dense_1m_1000000.txt,bounded_dense_1m,1000000,14,1,ll,1000,1308,1000,1010.53,0.0105329
bounded_dense_1m_1000000.txt,bounded_dense_1m,1000000,14,1,ll,1200,1738,1200,1218.19,0.0151546
bounded_dense_1m_1000000.txt,bounded_dense_1m,1000000,14,1,ll,1400,2333,1400,1408.88,0.00633976
bounded_dense_1m_1000000.txt,bounded_dense_1m,1000000,14,1,ll,1600,3086,1600,1607.33,0.00457865
bounded_dense_1m_1000000.txt,bounded_dense_1m,1000000,14,1,ll,1800,4596,1800,1809.33,0.00518109
bounded_dense_1m_1000000.txt,bounded_dense_1m,1000000,14,1,ll,2000,14824,2000,2016.11,0.00805471
bounded_dense_1m_1000000.txt,bounded_dense_1m,1000000,14,1,hll,200,210,200,199.206,0.00396931
bounded_dense_1m_1000000.txt,bounded_dense_1m,1000000,14,1,hll,400,433,400,400.864,0.00216046
bounded_dense_1m_1000000.txt,bounded_dense_1m,1000000,14,1,hll,600,688,600,602.96,0.00493356
bounded_dense_1m_1000000.txt,bounded_dense_1m,1000000,14,1,hll,800,978,800,810.732,0.013415
bounded_dense_1m_1000000.txt,bounded_dense_1m,1000000,14,1,hll,1000,1308,1000,1010.53,0.0105329
bounded_dense_1m_1000000.txt,bounded_dense_1m,1000000,14,1,hll,1200,1738,1200,1218.19,0.0151546
bounded_dense_1m_1000000.txt,bounded_dense_1m,1000000,14,1,hll,1400,2333,1400,1408.88,0.00633976
bounded_dense_1m_1000000.txt,bounded_dense_1m,1000000,14,1,hll,1600,3086,1600,1607.33,0.00457865
bounded_dense_1m_1000000.txt,bounded_dense_1m,1000000,14,1,hll,1800,4596,1800,1809.33,0.00518109
bounded_dense_1m_1000000.txt,bounded_dense_1m,1000000,14,1,hll,2000,14824,2000,2016.11,0.00805471
bounded_dense_1m_1000000.txt,bounded_dense_1m,1000000,14,1,hll++,200,210,200,200,0
bounded_dense_1m_1000000.txt,bounded_dense_1m,1000000,14,1,hll++,400,433,400,400,0
bounded_dense_1m_1000000.txt,bounded_dense_1m,1000000,14,1,hll++,600,688,600,600,0
bounded_dense_1m_1000000.txt,bounded_dense_1m,1000000,14,1,hll++,800,978,800,800,0
bounded_dense_1m_1000000.txt,bounded_dense_1m,1000000,14,1,hll++,1000,1308,1000,1000,0
bounded_dense_1m_1000000.txt,bounded_dense_1m,1000000,14,1,hll++,1200,1738,1200,1200,0
bounded_dense_1m_1000000.txt,bounded_dense_1m,1000000,14,1,hll++,1400,2333,1400,1400,0
bounded_dense_1m_1000000.txt,bounded_dense_1m,1000000,14,1,hll++,1600,3086,1600,1600,0
bounded_dense_1m_1000000.txt,bounded_dense_1m,1000000,14,1,hll++,1800,4596,1800,1800,0
bounded_dense_1m_1000000.txt,bounded_dense_1m,1000000,14,1,hll++,2000,14824,2000,2000,0
bounded_dense_1m_1000000.txt,bounded_dense_1m,1000000,14,2,ll,200,210,200,199.206,0.00396931
bounded_dense_1m_1000000.txt,bounded_dense_1m,1000000,14,2,ll,400,433,400,400.864,0.00216046
bounded_dense_1m_1000000.txt,bounded_dense_1m,1000000,14,2,ll,600,688,600,602.96,0.00493356
bounded_dense_1m_1000000.txt,bounded_dense_1m,1000000,14,2,ll,800,978,800,810.732,0.013415
bounded_dense_1m_1000000.txt,bounded_dense_1m,1000000,14,2,ll,1000,1308,1000,1010.53,0.0105329
bounded_dense_1m_1000000.txt,bounded_dense_1m,1000000,14,2,ll,1200,1738,1200,1218.19,0.0151546
bounded_dense_1m_1000000.txt,bounded_dense_1m,1000000,14,2,ll,1400,2333,1400,1408.88,0.00633976
bounded_dense_1m_1000000.txt,bounded_dense_1m,1000000,14,2,ll,1600,3086,1600,1607.33,0.00457865
bounded_dense_1m_1000000.txt,bounded_dense_1m,1000000,14,2,ll,1800,4596,1800,1809.33,0.00518109
bounded_dense_1m_1000000.txt,bounded_dense_1m,1000000,14,2,ll,2000,14824,2000,2016.11,0.00805471
bounded_dense_1m_1000000.txt,bounded_dense_1m,1000000,14,2,hll,200,210,200,199.206,0.00396931
bounded_dense_1m_1000000.txt,bounded_dense_1m,1000000,14,2,hll,400,433,400,400.864,0.00216046
bounded_dense_1m_1000000.txt,bounded_dense_1m,1000000,14,2,hll,600,688,600,602.96,0.00493356
bounded_dense_1m_1000000.txt,bounded_dense_1m,1000000,14,2,hll,800,978,800,810.732,0.013415
bounded_dense_1m_1000000.txt,bounded_dense_1m,1000000,14,2,hll,1000,1308,1000,1010.53,0.0105329
bounded_dense_1m_1000000.txt,bounded_dense_1m,1000000,14,2,hll,1200,1738,1200,1218.19,0.0151546
bounded_dense_1m_1000000.txt,bounded_dense_1m,1000000,14,2,hll,1400,2333,1400,1408.88,0.00633976
bounded_dense_1m_1000000.txt,bounded_dense_1m,1000000,14,2,hll,1600,3086,1600,1607.33,0.00457865
bounded_dense_1m_1000000.txt,bounded_dense_1m,1000000,14,2,hll,1800,4596,1800,1809.33,0.00518109
bounded_dense_1m_1000000.txt,bounded_dense_1m,1000000,14,2,hll,2000,14824,2000,2016.11,0.00805471
bounded_dense_1m_1000000.txt,bounded_dense_1m,1000000,14,2,hll++,200,210,200,200,0
bounded_dense_1m_1000000.txt,bounded_dense_1m,1000000,14,2,hll++,400,433,400,400,0
bounded_dense_1m_1000000.txt,bounded_dense_1m,1000000,14,2,hll++,600,688,600,600,0
bounded_dense_1m_1000000.txt,bounded_dense_1m,1000000,14,2,hll++,800,978,800,800,0
bounded_dense_1m_1000000.txt,bounded_dense_1m,1000000,14,2,hll++,1000,1308,1000,1000,0
bounded_dense_1m_1000000.txt,bounded_dense_1m,1000000,14,2,hll++,1200,1738,1200,1200,0
bounded_dense_1m_1000000.txt,bounded_dense_1m,1000000,14,2,hll++,1400,2333,1400,1400,0
bounded_dense_1m_1000000.txt,bounded_dense_1m,1000000,14,2,hll++,1600,3086,1600,1600,0
bounded_dense_1m_1000000.txt,bounded_dense_1m,1000000,14,2,hll++,1800,4596,1800,1800,0
bounded_dense_1m_1000000.txt,bounded_dense_1m,1000000,14,2,hll++,2000,14824,2000,2000,0
bounded_dense_500k_500000.txt,bounded_dense_500k,500000,14,0,ll,100,103,100,100.306,0.00306423
bounded_dense_500k_500000.txt,bounded_dense_500k,500000,14,0,ll,200,220,200,201.231,0.00615365
bounded_dense_500k_500000.txt,bounded_dense_500k,500000,14,0,ll,300,347,300,298.706,0.00431175
bounded_dense_500k_500000.txt,bounded_dense_500k,500000,14,0,ll,400,506,400,395.741,0.0106471
bounded_dense_500k_500000.txt,bounded_dense_500k,500000,14,0,ll,500,693,500,495.415,0.00916962
bounded_dense_500k_500000.txt,bounded_dense_500k,500000,14,0,ll,600,913,600,595.699,0.00716778
bounded_dense_500k_500000.txt,bounded_dense_500k,500000,14,0,ll,700,1212,700,696.601,0.00485559
bounded_dense_500k_500000.txt,bounded_dense_500k,500000,14,0,ll,800,1626,800,799.178,0.00102744
bounded_dense_500k_500000.txt,bounded_dense_500k,500000,14,0,ll,900,2365,900,896.063,0.0043747
bounded_dense_500k_500000.txt,bounded_dense_500k,500000,14,0,ll,1000,9027,1000,994.586,0.00541364
bounded_dense_500k_500000.txt,bounded_dense_500k,500000,14,0,hll,100,103,100,100.306,0.00306423
bounded_dense_500k_500000.txt,bounded_dense_500k,500000,14,0,hll,200,220,200,201.231,0.00615365
bounded_dense_500k_500000.txt,bounded_dense_500k,500000,14,0,hll,300,347,300,298.706,0.00431175
bounded_dense_500k_500000.txt,bounded_dense_500k,500000,14,0,hll,400,506,400,395.741,0.0106471
bounded_dense_500k_500000.txt,bounded_dense_500k,500000,14,0,hll,500,693,500,495.415,0.00916962
bounded_dense_500k_500000.txt,bounded_dense_500k,500000,14,0,hll,600,913,600,595.699,0.00716778
bounded_dense_500k_500000.txt,bounded_dense_500k,500000,14,0,hll,700,1212,700,696.601,0.00485559
bounded_dense_500k_500000.txt,bounded_dense_500k,500000,14,0,hll,800,1626,800,799.178,0.00102744
bounded_dense_500k_500000.txt,bounded_dense_500k,500000,14,0,hll,900,2365,900,896.063,0.0043747
bounded_dense_500k_500000.txt,bounded_dense_500k,500000,14,0,hll,1000,9027,1000,994.586,0.00541364
bounded_dense_500k_500000.txt,bounded_dense_500k,500000,14,0,hll++,100,103,100,100,0
bounded_dense_500k_500000.txt,bounded_dense_500k,500000,14,0,hll++,200,220,200,200,0
bounded_dense_500k_500000.txt,bounded_dense_500k,500000,14,0,hll++,300,347,300,300,0
bounded_dense_500k_500000.txt,bounded_dense_500k,500000,14,0,hll++,400,506,400,400,0
bounded_dense_500k_500000.txt,bounded_dense_500k,500000,14,0,hll++,500,693,500,500,0
bounded_dense_500k_500000.txt,bounded_dense_500k,500000,14,0,hll++,600,913,600,600,0
bounded_dense_500k_500000.txt,bounded_dense_500k,500000,14,0,hll++,700,1212,700,700,0
bounded_dense_500k_500000.txt,bounded_dense_500k,500000,14,0,hll++,800,1626,800,800,0
bounded_dense_500k_500000.txt,bounded_dense_500k,500000,14,0,hll++,900,2365,900,900,0
bounded_dense_500k_500000.txt,bounded_dense_500k,500000,14,0,hll++,1000,9027,1000,1000,0
bounded_dense_500k_500000.txt,bounded_dense_500k,500000,14,1,ll,100,103,100,100.306,0.00306423
bounded_dense_500k_500000.txt,bounded_dense_500k,500000,14,1,ll,200,220,200,201.231,0.00615365
bounded_dense_500k_500000.txt,bounded_dense_500k,500000,14,1,ll,300,347,300,298.706,0.00431175
bounded_dense_500k_500000.txt,bounded_dense_500k,500000,14,1,ll,400,506,400,395.741,0.0106471
bounded_dense_500k_500000.txt,bounded_dense_500k,500000,14,1,ll,500,693,500,495.415,0.00916962
bounded_dense_500k_500000.txt,bounded_dense_500k,500000,14,1,ll,600,913,600,595.699,0.00716778
bounded_dense_500k_500000.txt,bounded_dense_500k,500000,14,1,ll,700,1212,700,696.601,0.00485559
bounded_dense_500k_500000.txt,bounded_dense_500k,500000,14,1,ll,800,1626,800,799.178,0.00102744
bounded_dense_500k_500000.txt,bounded_dense_500k,500000,14,1,ll,900,2365,900,896.063,0.0043747
bounded_dense_500k_500000.txt,bounded_dense_500k,500000,14,1,ll,1000,9027,1000,994.586,0.00541364
bounded_dense_500k_500000.txt,bounded_dense_500k,500000,14,1,hll,100,103,100,100.306,0.00306423
bounded_dense_500k_500000.txt,bounded_dense_500k,500000,14,1,hll,200,220,200,201.231,0.00615365
bounded_dense_500k_500000.txt,bounded_dense_500k,500000,14,1,hll,300,347,300,298.706,0.00431175
bounded_dense_500k_500000.txt,bounded_dense_500k,500000,14,1,hll,400,506,400,395.741,0.0106471
bounded_dense_500k_500000.txt,bounded_dense_500k,500000,14,1,hll,500,693,500,495.415,0.00916962
bounded_dense_500k_500000.txt,bounded_dense_500k,500000,14,1,hll,600,913,600,595.699,0.00716778
bounded_dense_500k_500000.txt,bounded_dense_500k,500000,14,1,hll,700,1212,700,696.601,0.00485559
bounded_dense_500k_500000.txt,bounded_dense_500k,500000,14,1,hll,800,1626,800,799.178,0.00102744
bounded_dense_500k_500000.txt,bounded_dense_500k,500000,14,1,hll,900,2365,900,896.063,0.0043747
bounded_dense_500k_500000.txt,bounded_dense_500k,500000,14,1,hll,1000,9027,1000,994.586,0.00541364
bounded_dense_500k_500000.txt,bounded_dense_500k,500000,14,1,hll++,100,103,100,100,0
bounded_dense_500k_500000.txt,bounded_dense_500k,500000,14,1,hll++,200,220,200,200,0
bounded_dense_500k_500000.txt,bounded_dense_500k,500000,14,1,hll++,300,347,300,300,0
bounded_dense_500k_500000.txt,bounded_dense_500k,500000,14,1,hll++,400,506,400,400,0
bounded_dense_500k_500000.txt,bounded_dense_500k,500000,14,1,hll++,500,693,500,500,0
bounded_dense_500k_500000.txt,bounded_dense_500k,500000,14,1,hll++,600,913,600,600,0
bounded_dense_500k_500000.txt,bounded_dense_500k,500000,14,1,hll++,700,1212,700,700,0
bounded_dense_500k_500000.txt,bounded_dense_500k,500000,14,1,hll++,800,1626,800,800,0
bounded_dense_500k_500000.txt,bounded_dense_500k,500000,14,1,hll++,900,2365,900,900,0
bounded_dense_500k_500000.txt,bounded_dense_500k,500000,14,1,hll++,1000,9027,1000,1000,0
bounded_dense_500k_500000.txt,bounded_dense_500k,500000,14,2,ll,100,103,100,100.306,0.00306423
bounded_dense_500k_500000.txt,bounded_dense_500k,500000,14,2,ll,200,220,200,201.231,0.00615365
bounded_dense_500k_500000.txt,bounded_dense_500k,500000,14,2,ll,300,347,300,298.706,0.00431175
bounded_dense_500k_500000.txt,bounded_dense_500k,500000,14,2,ll,400,506,400,395.741,0.0106471
bounded_dense_500k_500000.txt,bounded_dense_500k,500000,14,2,ll,500,693,500,495.415,0.00916962
bounded_dense_500k_500000.txt,bounded_dense_500k,500000,14,2,ll,600,913,600,595.699,0.00716778
bounded_dense_500k_500000.txt,bounded_dense_500k,500000,14,2,ll,700,1212,700,696.601,0.00485559
bounded_dense_500k_500000.txt,bounded_dense_500k,500000,14,2,ll,800,1626,800,799.178,0.00102744
bounded_dense_500k_500000.txt,bounded_dense_500k,500000,14,2,ll,900,2365,900,896.063,0.0043747
bounded_dense_500k_500000.txt,bounded_dense_500k,500000,14,2,ll,1000,9027,1000,994.586,0.00541364
bounded_dense_500k_500000.txt,bounded_dense_500k,500000,14,2,hll,100,103,100,100.306,0.00306423
bounded_dense_500k_500000.txt,bounded_dense_500k,500000,14,2,hll,200,220,200,201.231,0.00615365
bounded_dense_500k_500000.txt,bounded_dense_500k,500000,14,2,hll,300,347,300,298.706,0.00431175
bounded_dense_500k_500000.txt,bounded_dense_500k,500000,14,2,hll,400,506,400,395.741,0.0106471
bounded_dense_500k_500000.txt,bounded_dense_500k,500000,14,2,hll,500,693,500,495.415,0.00916962
bounded_dense_500k_500000.txt,bounded_dense_500k,500000,14,2,hll,600,913,600,595.699,0.00716778
bounded_dense_500k_500000.txt,bounded_dense_500k,500000,14,2,hll,700,1212,700,696.601,0.00485559
bounded_dense_500k_500000.txt,bounded_dense_500k,500000,14,2,hll,800,1626,800,799.178,0.00102744
bounded_dense_500k_500000.txt,bounded_dense_500k,500000,14,2,hll,900,2365,900,896.063,0.0043747
bounded_dense_500k_500000.txt,bounded_dense_500k,500000,14,2,hll,1000,9027,1000,994.586,0.00541364
bounded_dense_500k_500000.txt,bounded_dense_500k,500000,14,2,hll++,100,103,100,100,0
bounded_dense_500k_500000.txt,bounded_dense_500k,500000,14,2,hll++,200,220,200,200,0
bounded_dense_500k_500000.txt,bounded_dense_500k,500000,14,2,hll++,300,347,300,300,0
bounded_dense_500k_500000.txt,bounded_dense_500k,500000,14,2,hll++,400,506,400,400,0
bounded_dense_500k_500000.txt,bounded_dense_500k,500000,14,2,hll++,500,693,500,500,0
bounded_dense_500k_500000.txt,bounded_dense_500k,500000,14,2,hll++,600,913,600,600,0
bounded_dense_500k_500000.txt,bounded_dense_500k,500000,14,2,hll++,700,1212,700,700,0
bounded_dense_500k_500000.txt,bounded_dense_500k,500000,14,2,hll++,800,1626,800,800,0
bounded_dense_500k_500000.txt,bounded_dense_500k,500000,14,2,hll++,900,2365,900,900,0
bounded_dense_500k_500000.txt,bounded_dense_500k,500000,14,2,hll++,1000,9027,1000,1000,0
bounded_micro_1k_1000.txt,bounded_micro_1k,1000,14,0,ll,61,63,61,61.1138,0.00186621
bounded_micro_1k_1000.txt,bounded_micro_1k,1000,14,0,ll,122,132,122,122.456,0.00374173
bounded_micro_1k_1000.txt,bounded_micro_1k,1000,14,0,ll,183,206,183,184.03,0.00562665
bounded_micro_1k_1000.txt,bounded_micro_1k,1000,14,0,ll,244,277,244,243.805,0.000799067
bounded_micro_1k_1000.txt,bounded_micro_1k,1000,14,0,ll,305,366,305,304.818,0.000596696
bounded_micro_1k_1000.txt,bounded_micro_1k,1000,14,0,ll,366,463,366,366.059,0.000161328
bounded_micro_1k_1000.txt,bounded_micro_1k,1000,14,0,ll,427,568,427,428.556,0.00364479
bounded_micro_1k_1000.txt,bounded_micro_1k,1000,14,0,ll,488,687,488,490.263,0.00463628
bounded_micro_1k_1000.txt,bounded_micro_1k,1000,14,0,ll,549,815,549,549.099,0.000181099
bounded_micro_1k_1000.txt,bounded_micro_1k,1000,14,0,ll,610,986,610,610.224,0.000367473
bounded_micro_1k_1000.txt,bounded_micro_1k,1000,14,0,ll,616,1000,616,616.453,0.000735433
bounded_micro_1k_1000.txt,bounded_micro_1k,1000,14,0,hll,61,63,61,61.1138,0.00186621
bounded_micro_1k_1000.txt,bounded_micro_1k,1000,14,0,hll,122,132,122,122.456,0.00374173
bounded_micro_1k_1000.txt,bounded_micro_1k,1000,14,0,hll,183,206,183,184.03,0.00562665
bounded_micro_1k_1000.txt,bounded_micro_1k,1000,14,0,hll,244,277,244,243.805,0.000799067
bounded_micro_1k_1000.txt,bounded_micro_1k,1000,14,0,hll,305,366,305,304.818,0.000596696
bounded_micro_1k_1000.txt,bounded_micro_1k,1000,14,0,hll,366,463,366,366.059,0.000161328
bounded_micro_1k_1000.txt,bounded_micro_1k,1000,14,0,hll,427,568,427,428.556,0.00364479
bounded_micro_1k_1000.txt,bounded_micro_1k,1000,14,0,hll,488,687,488,490.263,0.00463628
bounded_micro_1k_1000.txt,bounded_micro_1k,1000,14,0,hll,549,815,549,549.099,0.000181099
bounded_micro_1k_1000.txt,bounded_micro_1k,1000,14,0,hll,610,986,610,610.224,0.000367473
bounded_micro_1k_1000.txt,bounded_micro_1k,1000,14,0,hll,616,1000,616,616.453,0.000735433
bounded_micro_1k_1000.txt,bounded_micro_1k,1000,14,0,hll++,61,63,61,61,0
bounded_micro_1k_1000.txt,bounded_micro_1k,1000,14,0,hll++,122,132,122,122,0
bounded_micro_1k_1000.txt,bounded_micro_1k,1000,14,0,hll++,183,206,183,183,0
bounded_micro_1k_1000.txt,bounded_micro_1k,1000,14,0,hll++,244,277,244,244,0
bounded_micro_1k_1000.txt,bounded_micro_1k,1000,14,0,hll++,305,366,305,305,0
bounded_micro_1k_1000.txt,bounded_micro_1k,1000,14,0,hll++,366,463,366,366,0
bounded_micro_1k_1000.txt,bounded_micro_1k,1000,14,0,hll++,427,568,427,427,0
bounded_micro_1k_1000.txt,bounded_micro_1k,1000,14,0,hll++,488,687,488,488,0
bounded_micro_1k_1000.txt,bounded_micro_1k,1000,14,0,hll++,549,815,549,549,0
bounded_micro_1k_1000.txt,bounded_micro_1k,1000,14,0,hll++,610,986,610,610,0
bounded_micro_1k_1000.txt,bounded_micro_1k,1000,14,0,hll++,616,1000,616,616,0
bounded_micro_1k_1000.txt,bounded_micro_1k,1000,14,1,ll,61,63,61,61.1138,0.00186621
bounded_micro_1k_1000.txt,bounded_micro_1k,1000,14,1,ll,122,132,122,122.456,0.00374173
bounded_micro_1k_1000.txt,bounded_micro_1k,1000,14,1,ll,183,206,183,184.03,0.00562665
bounded_micro_1k_1000.txt,bounded_micro_1k,1000,14,1,ll,244,277,244,243.805,0.000799067
bounded_micro_1k_1000.txt,bounded_micro_1k,1000,14,1,ll,305,366,305,304.818,0.000596696
bounded_micro_1k_1000.txt,bounded_micro_1k,1000,14,1,ll,366,463,366,366.059,0.000161328
bounded_micro_1k_1000.txt,bounded_micro_1k,1000,14,1,ll,427,568,427,428.556,0.00364479
bounded_micro_1k_1000.txt,bounded_micro_1k,1000,14,1,ll,488,687,488,490.263,0.00463628
bounded_micro_1k_1000.txt,bounded_micro_1k,1000,14,1,ll,549,815,549,549.099,0.000181099
bounded_micro_1k_1000.txt,bounded_micro_1k,1000,14,1,ll,610,986,610,610.224,0.000367473
bounded_micro_1k_1000.txt,bounded_micro_1k,1000,14,1,ll,616,1000,616,616.453,0.000735433
bounded_micro_1k_1000.txt,bounded_micro_1k,1000,14,1,hll,61,63,61,61.1138,0.00186621
bounded_micro_1k_1000.txt,bounded_micro_1k,1000,14,1,hll,122,132,122,122.456,0.00374173
bounded_micro_1k_1000.txt,bounded_micro_1k,1000,14,1,hll,183,206,183,184.03,0.00562665
bounded_micro_1k_1000.txt,bounded_micro_1k,1000,14,1,hll,244,277,244,243.805,0.000799067
bounded_micro_1k_1000.txt,bounded_micro_1k,1000,14,1,hll,305,366,305,304.818,0.000596696
bounded_micro_1k_1000.txt,bounded_micro_1k,1000,14,1,hll,366,463,366,366.059,0.000161328
bounded_micro_1k_1000.txt,bounded_micro_1k,1000,14,1,hll,427,568,427,428.556,0.00364479
bounded_micro_1k_1000.txt,bounded_micro_1k,1000,14,1,hll,488,687,488,490.263,0.00463628
bounded_micro_1k_1000.txt,bounded_micro_1k,1000,14,1,hll,549,815,549,549.099,0.000181099
bounded_micro_1k_1000.txt,bounded_micro_1k,1000,14,1,hll,610,986,610,610.224,0.000367473
bounded_micro_1k_1000.txt,bounded_micro_1k,1000,14,1,hll,616,1000,616,616.453,0.000735433
bounded_micro_1k_1000.txt,bounded_micro_1k,1000,14,1,hll++,61,63,61,61,0
bounded_micro_1k_1000.txt,bounded_micro_1k,1000,14,1,hll++,122,132,122,122,0
bounded_micro_1k_1000.txt,bounded_micro_1k,1000,14,1,hll++,183,206,183,183,0
bounded_micro_1k_1000.txt,bounded_micro_1k,1000,14,1,hll++,244,277,244,244,0
bounded_micro_1k_1000.txt,bounded_micro_1k,1000,14,1,hll++,305,366,305,305,0
bounded_micro_1k_1000.txt,bounded_micro_1k,1000,14,1,hll++,366,463,366,366,0
bounded_micro_1k_1000.txt,bounded_micro_1k,1000,14,1,hll++,427,568,427,427,0
bounded_micro_1k_1000.txt,bounded_micro_1k,1000,14,1,hll++,488,687,488,488,0
bounded_micro_1k_1000.txt,bounded_micro_1k,1000,14,1,hll++,549,815,549,549,0
bounded_micro_1k_1000.txt,bounded_micro_1k,1000,14,1,hll++,610,986,610,610,0
bounded_micro_1k_1000.txt,bounded_micro_1k,1000,14,1,hll++,616,1000,616,616,0
bounded_micro_1k_1000.txt,bounded_micro_1k,1000,14,2,ll,61,63,61,61.1138,0.00186621
bounded_micro_1k_1000.txt,bounded_micro_1k,1000,14,2,ll,122,132,122,122.456,0.00374173
bounded_micro_1k_1000.txt,bounded_micro_1k,1000,14,2,ll,183,206,183,184.03,0.00562665
bounded_micro_1k_1000.txt,bounded_micro_1k,1000,14,2,ll,244,277,244,243.805,0.000799067
bounded_micro_1k_1000.txt,bounded_micro_1k,1000,14,2,ll,305,366,305,304.818,0.000596696
bounded_micro_1k_1000.txt,bounded_micro_1k,1000,14,2,ll,366,463,366,366.059,0.000161328
bounded_micro_1k_1000.txt,bounded_micro_1k,1000,14,2,ll,427,568,427,428.556,0.00364479
bounded_micro_1k_1000.txt,bounded_micro_1k,1000,14,2,ll,488,687,488,490.263,0.00463628
bounded_micro_1k_1000.txt,bounded_micro_1k,1000,14,2,ll,549,815,549,549.099,0.000181099
bounded_micro_1k_1000.txt,bounded_micro_1k,1000,14,2,ll,610,986,610,610.224,0.000367473
bounded_micro_1k_1000.txt,bounded_micro_1k,1000,14,2,ll,616,1000,616,616.453,0.000735433
bounded_micro_1k_1000.txt,bounded_micro_1k,1000,14,2,hll,61,63,61,61.1138,0.00186621
bounded_micro_1k_1000.txt,bounded_micro_1k,1000,14,2,hll,122,132,122,122.456,0.00374173
bounded_micro_1k_1000.txt,bounded_micro_1k,1000,14,2,hll,183,206,183,184.03,0.00562665
bounded_micro_1k_1000.txt,bounded_micro_1k,1000,14,2,hll,244,277,244,243.805,0.000799067
bounded_micro_1k_1000.txt,bounded_micro_1k,1000,14,2,hll,305,366,305,304.818,0.000596696
bounded_micro_1k_1000.txt,bounded_micro_1k,1000,14,2,hll,366,463,366,366.059,0.000161328
bounded_micro_1k_1000.txt,bounded_micro_1k,1000,14,2,hll,427,568,427,428.556,0.00364479
bounded_micro_1k_1000.txt,bounded_micro_1k,1000,14,2,hll,488,687,488,490.263,0.00463628
bounded_micro_1k_1000.txt,bounded_micro_1k,1000,14,2,hll,549,815,549,549.099,0.000181099
bounded_micro_1k_1000.txt,bounded_micro_1k,1000,14,2,hll,610,986,610,610.224,0.000367473
bounded_micro_1k_1000.txt,bounded_micro_1k,1000,14,2,hll,616,1000,616,616.453,0.000735433
bounded_micro_1k_1000.txt,bounded_micro_1k,1000,14,2,hll++,61,63,61,61,0
bounded_micro_1k_1000.txt,bounded_micro_1k,1000,14,2,hll++,122,132,122,122,0
bounded_micro_1k_1000.txt,bounded_micro_1k,1000,14,2,hll++,183,206,183,183,0
bounded_micro_1k_1000.txt,bounded_micro_1k,1000,14,2,hll++,244,277,244,244,0
bounded_micro_1k_1000.txt,bounded_micro_1k,1000,14,2,hll++,305,366,305,305,0
bounded_micro_1k_1000.txt,bounded_micro_1k,1000,14,2,hll++,366,463,366,366,0
bounded_micro_1k_1000.txt,bounded_micro_1k,1000,14,2,hll++,427,568,427,427,0
bounded_micro_1k_1000.txt,bounded_micro_1k,1000,14,2,hll++,488,687,488,488,0
bounded_micro_1k_1000.txt,bounded_micro_1k,1000,14,2,hll++,549,815,549,549,0
bounded_micro_1k_1000.txt,bounded_micro_1k,1000,14,2,hll++,610,986,610,610,0
bounded_micro_1k_1000.txt,bounded_micro_1k,1000,14,2,hll++,616,1000,616,616,0
clustered_wave_1m_1000000.txt,clustered_wave_1m,1000000,14,0,ll,10000,10000,10000,9961.62,0.00383756
clustered_wave_1m_1000000.txt,clustered_wave_1m,1000000,14,0,ll,16681,16681,16681,16636.9,0.00264134
clustered_wave_1m_1000000.txt,clustered_wave_1m,1000000,14,0,ll,27826,27826,27826,27608.8,0.00780658
clustered_wave_1m_1000000.txt,clustered_wave_1m,1000000,14,0,ll,46416,46416,46416,46935.2,0.0111857
clustered_wave_1m_1000000.txt,clustered_wave_1m,1000000,14,0,ll,77426,77426,77426,78528.9,0.0142447
clustered_wave_1m_1000000.txt,clustered_wave_1m,1000000,14,0,ll,129155,129155,129155,130807,0.0127915
clustered_wave_1m_1000000.txt,clustered_wave_1m,1000000,14,0,ll,215443,215443,215443,216885,0.00669505
clustered_wave_1m_1000000.txt,clustered_wave_1m,1000000,14,0,ll,359381,359381,359381,362725,0.00930498
clustered_wave_1m_1000000.txt,clustered_wave_1m,1000000,14,0,ll,599484,599484,599484,608173,0.0144941
clustered_wave_1m_1000000.txt,clustered_wave_1m,1000000,14,0,ll,1000000,1000000,1000000,1.02512e+06,0.025117
clustered_wave_1m_1000000.txt,clustered_wave_1m,1000000,14,0,hll,10000,10000,10000,9961.62,0.00383756
clustered_wave_1m_1000000.txt,clustered_wave_1m,1000000,14,0,hll,16681,16681,16681,16636.9,0.00264134
clustered_wave_1m_1000000.txt,clustered_wave_1m,1000000,14,0,hll,27826,27826,27826,27608.8,0.00780658
clustered_wave_1m_1000000.txt,clustered_wave_1m,1000000,14,0,hll,46416,46416,46416,46432.4,0.000352736
clustered_wave_1m_1000000.txt,clustered_wave_1m,1000000,14,0,hll,77426,77426,77426,77680.1,0.0032816
clustered_wave_1m_1000000.txt,clustered_wave_1m,1000000,14,0,hll,129155,129155,129155,130312,0.00895457
clustered_wave_1m_1000000.txt,clustered_wave_1m,1000000,14,0,hll,215443,215443,215443,217301,0.00862364
clustered_wave_1m_1000000.txt,clustered_wave_1m,1000000,14,0,hll,359381,359381,359381,361525,0.00596685
clustered_wave_1m_1000000.txt,clustered_wave_1m,1000000,14,0,hll,599484,599484,599484,605373,0.00982407
clustered_wave_1m_1000000.txt,clustered_wave_1m,1000000,14,0,hll,1000000,1000000,1000000,1.02269e+06,0.0226945
clustered_wave_1m_1000000.txt,clustered_wave_1m,1000000,14,0,hll++,10000,10000,10000,9961.62,0.00383756
clustered_wave_1m_1000000.txt,clustered_wave_1m,1000000,14,0,hll++,16681,16681,16681,16636.9,0.00264134
clustered_wave_1m_1000000.txt,clustered_wave_1m,1000000,14,0,hll++,27826,27826,27826,27608.8,0.00780658
clustered_wave_1m_1000000.txt,clustered_wave_1m,1000000,14,0,hll++,46416,46416,46416,46711.4,0.00636415
clustered_wave_1m_1000000.txt,clustered_wave_1m,1000000,14,0,hll++,77426,77426,77426,77478.4,0.000676679
clustered_wave_1m_1000000.txt,clustered_wave_1m,1000000,14,0,hll++,129155,129155,129155,130312,0.00895457
clustered_wave_1m_1000000.txt,clustered_wave_1m,1000000,14,0,hll++,215443,215443,215443,217301,0.00862364
clustered_wave_1m_1000000.txt,clustered_wave_1m,1000000,14,0,hll++,359381,359381,359381,361525,0.00596685
clustered_wave_1m_1000000.txt,clustered_wave_1m,1000000,14,0,hll++,599484,599484,599484,605373,0.00982407
clustered_wave_1m_1000000.txt,clustered_wave_1m,1000000,14,0,hll++,1000000,1000000,1000000,1.02269e+06,0.0226945
clustered_wave_1m_1000000.txt,clustered_wave_1m,1000000,14,1,ll,10000,10000,10000,9961.62,0.00383756
clustered_wave_1m_1000000.txt,clustered_wave_1m,1000000,14,1,ll,16681,16681,16681,16636.9,0.00264134
clustered_wave_1m_1000000.txt,clustered_wave_1m,1000000,14,1,ll,27826,27826,27826,27608.8,0.00780658
clustered_wave_1m_1000000.txt,clustered_wave_1m,1000000,14,1,ll,46416,46416,46416,46935.2,0.0111857
clustered_wave_1m_1000000.txt,clustered_wave_1m,1000000,14,1,ll,77426,77426,77426,78528.9,0.0142447
clustered_wave_1m_1000000.txt,clustered_wave_1m,1000000,14,1,ll,129155,129155,129155,130807,0.0127915
clustered_wave_1m_1000000.txt,clustered_wave_1m,1000000,14,1,ll,215443,215443,215443,216885,0.00669505
clustered_wave_1m_1000000.txt,clustered_wave_1m,1000000,14,1,ll,359381,359381,359381,362725,0.00930498
clustered_wave_1m_1000000.txt,clustered_wave_1m,1000000,14,1,ll,599484,599484,599484,608173,0.0144941
clustered_wave_1m_1000000.txt,clustered_wave_1m,1000000,14,1,ll,1000000,1000000,1000000,1.02512e+06,0.025117
clustered_wave_1m_1000000.txt,clustered_wave_1m,1000000,14,1,hll,10000,10000,10000,9961.62,0.00383756
clustered_wave_1m_1000000.txt,clustered_wave_1m,1000000,14,1,hll,16681,16681,16681,16636.9,0.00264134
clustered_wave_1m_1000000.txt,clustered_wave_1m,1000000,14,1,hll,27826,27826,27826,27608.8,0.00780658
clustered_wave_1m_1000000.txt,clustered_wave_1m,1000000,14,1,hll,46416,46416,46416,46432.4,0.000352736
clustered_wave_1m_1000000.txt,clustered_wave_1m,1000000,14,1,hll,77426,77426,77426,77680.1,0.0032816
clustered_wave_1m_1000000.txt,clustered_wave_1m,1000000,14,1,hll,129155,129155,129155,130312,0.00895457
clustered_wave_1m_1000000.txt,clustered_wave_1m,1000000,14,1,hll,215443,215443,215443,217301,0.00862364
clustered_wave_1m_1000000.txt,clustered_wave_1m,1000000,14,1,hll,359381,359381,359381,361525,0.00596685
clustered_wave_1m_1000000.txt,clustered_wave_1m,1000000,14,1,hll,599484,599484,599484,605373,0.00982407
clustered_wave_1m_1000000.txt,clustered_wave_1m,1000000,14,1,hll,1000000,1000000,1000000,1.02269e+06,0.0226945
clustered_wave_1m_1000000.txt,clustered_wave_1m,1000000,14,1,hll++,10000,10000,10000,9961.62,0.00383756
clustered_wave_1m_1000000.txt,clustered_wave_1m,1000000,14,1,hll++,16681,16681,16681,16636.9,0.00264134
clustered_wave_1m_1000000.txt,clustered_wave_1m,1000000,14,1,hll++,27826,27826,27826,27608.8,0.00780658
clustered_wave_1m_1000000.txt,clustered_wave_1m,1000000,14,1,hll++,46416,46416,46416,46711.4,0.00636415
clustered_wave_1m_1000000.txt,clustered_wave_1m,1000000,14,1,hll++,77426,77426,77426,77478.4,0.000676679
clustered_wave_1m_1000000.txt,clustered_wave_1m,1000000,14,1,hll++,129155,129155,129155,130312,0.00895457
clustered_wave_1m_1000000.txt,clustered_wave_1m,1000000,14,1,hll++,215443,215443,215443,217301,0.00862364
clustered_wave_1m_1000000.txt,clustered_wave_1m,1000000,14,1,hll++,359381,359381,359381,361525,0.00596685
clustered_wave_1m_1000000.txt,clustered_wave_1m,1000000,14,1,hll++,599484,599484,599484,605373,0.00982407
clustered_wave_1m_1000000.txt,clustered_wave_1m,1000000,14,1,hll++,1000000,1000000,1000000,1.02269e+06,0.0226945
clustered_wave_1m_1000000.txt,clustered_wave_1m,1000000,14,2,ll,10000,10000,10000,9961.62,0.00383756
clustered_wave_1m_1000000.txt,clustered_wave_1m,1000000,14,2,ll,16681,16681,16681,16636.9,0.00264134
clustered_wave_1m_1000000.txt,clustered_wave_1m,1000000,14,2,ll,27826,27826,27826,27608.8,0.00780658
clustered_wave_1m_1000000.txt,clustered_wave_1m,1000000,14,2,ll,46416,46416,46416,46935.2,0.0111857
clustered_wave_1m_1000000.txt,clustered_wave_1m,1000000,14,2,ll,77426,77426,77426,78528.9,0.0142447
clustered_wave_1m_1000000.txt,clustered_wave_1m,1000000,14,2,ll,129155,129155,129155,130807,0.0127915
clustered_wave_1m_1000000.txt,clustered_wave_1m,1000000,14,2,ll,215443,215443,215443,216885,0.00669505
clustered_wave_1m_1000000.txt,clustered_wave_1m,1000000,14,2,ll,359381,359381,359381,362725,0.00930498
clustered_wave_1m_1000000.txt,clustered_wave_1m,1000000,14,2,ll,599484,599484,599484,608173,0.0144941
clustered_wave_1m_1000000.txt,clustered_wave_1m,1000000,14,2,ll,1000000,1000000,1000000,1.02512e+06,0.025117
clustered_wave_1m_1000000.txt,clustered_wave_1m,1000000,14,2,hll,10000,10000,10000,9961.62,0.00383756
clustered_wave_1m_1000000.txt,clustered_wave_1m,1000000,14,2,hll,16681,16681,16681,16636.9,0.00264134
clustered_wave_1m_1000000.txt,clustered_wave_1m,1000000,14,2,hll,27826,27826,27826,27608.8,0.00780658
clustered_wave_1m_1000000.txt,clustered_wave_1m,1000000,14,2,hll,46416,46416,46416,46432.4,0.000352736
clustered_wave_1m_1000000.txt,clustered_wave_1m,1000000,14,2,hll,77426,77426,77426,77680.1,0.0032816
clustered_wave_1m_1000000.txt,clustered_wave_1m,1000000,14,2,hll,129155,129155,129155,130312,0.00895457
clustered_wave_1m_1000000.txt,clustered_wave_1m,1000000,14,2,hll,215443,215443,215443,217301,0.00862364
clustered_wave_1m_1000000.txt,clustered_wave_1m,1000000,14,2,hll,359381,359381,359381,361525,0.00596685
clustered_wave_1m_1000000.txt,clustered_wave_1m,1000000,14,2,hll,599484,599484,599484,605373,0.00982407
clustered_wave_1m_1000000.txt,clustered_wave_1m,1000000,14,2,hll,1000000,1000000,1000000,1.02269e+06,0.0226945
clustered_wave_1m_1000000.txt,clustered_wave_1m,1000000,14,2,hll++,10000,10000,10000,9961.62,0.00383756
clustered_wave_1m_1000000.txt,clustered_wave_1m,1000000,14,2,hll++,16681,16681,16681,16636.9,0.00264134
clustered_wave_1m_1000000.txt,clustered_wave_1m,1000000,14,2,hll++,27826,27826,27826,27608.8,0.00780658
clustered_wave_1m_1000000.txt,clustered_wave_1m,1000000,14,2,hll++,46416,46416,46416,46711.4,0.00636415
clustered_wave_1m_1000000.txt,clustered_wave_1m,1000000,14,2,hll++,77426,77426,77426,77478.4,0.000676679
clustered_wave_1m_1000000.txt,clustered_wave_1m,1000000,14,2,hll++,129155,129155,129155,130312,0.00895457
clustered_wave_1m_1000000.txt,clustered_wave_1m,1000000,14,2,hll++,215443,215443,215443,217301,0.00862364
clustered_wave_1m_1000000.txt,clustered_wave_1m,1000000,14,2,hll++,359381,359381,359381,361525,0.00596685
clustered_wave_1m_1000000.txt,clustered_wave_1m,1000000,14,2,hll++,599484,599484,599484,605373,0.00982407
clustered_wave_1m_1000000.txt,clustered_wave_1m,1000000,14,2,hll++,1000000,1000000,1000000,1.02269e+06,0.0226945
clustered_wave_3m_3000000.txt,clustered_wave_3m,3000000,14,0,ll,30000,30000,30000,29940.5,0.0019839
clustered_wave_3m_3000000.txt,clustered_wave_3m,3000000,14,0,ll,50043,50043,50043,50730.5,0.0137377
clustered_wave_3m_3000000.txt,clustered_wave_3m,3000000,14,0,ll,83477,83477,83477,84121.1,0.0077154
clustered_wave_3m_3000000.txt,clustered_wave_3m,3000000,14,0,ll,139248,139248,139248,140550,0.00934673
clustered_wave_3m_3000000.txt,clustered_wave_3m,3000000,14,0,ll,232279,232279,232279,234959,0.0115396
clustered_wave_3m_3000000.txt,clustered_wave_3m,3000000,14,0,ll,387465,387465,387465,392354,0.0126191
clustered_wave_3m_3000000.txt,clustered_wave_3m,3000000,14,0,ll,646330,646330,646330,653691,0.0113882
clustered_wave_3m_3000000.txt,clustered_wave_3m,3000000,14,0,ll,1078144,1078144,1078144,1.10054e+06,0.0207685
clustered_wave_3m_3000000.txt,clustered_wave_3m,3000000,14,0,ll,1798453,1798453,1798453,1.82738e+06,0.0160817
clustered_wave_3m_3000000.txt,clustered_wave_3m,3000000,14,0,ll,3000000,3000000,3000000,3.00729e+06,0.00242853
clustered_wave_3m_3000000.txt,clustered_wave_3m,3000000,14,0,hll,30000,30000,30000,29940.5,0.0019839
clustered_wave_3m_3000000.txt,clustered_wave_3m,3000000,14,0,hll,50043,50043,50043,49990.8,0.00104271
clustered_wave_3m_3000000.txt,clustered_wave_3m,3000000,14,0,hll,83477,83477,83477,84032.6,0.00665602
clustered_wave_3m_3000000.txt,clustered_wave_3m,3000000,14,0,hll,139248,139248,139248,141222,0.0141733
clustered_wave_3m_3000000.txt,clustered_wave_3m,3000000,14,0,hll,232279,232279,232279,234010,0.00745125
clustered_wave_3m_3000000.txt,clustered_wave_3m,3000000,14,0,hll,387465,387465,387465,391141,0.00948774
clustered_wave_3m_3000000.txt,clustered_wave_3m,3000000,14,0,hll,646330,646330,646330,650004,0.00568417
clustered_wave_3m_3000000.txt,clustered_wave_3m,3000000,14,0,hll,1078144,1078144,1078144,1.09663e+06,0.0171461
clustered_wave_3m_3000000.txt,clustered_wave_3m,3000000,14,0,hll,1798453,1798453,1798453,1.81971e+06,0.0118196
clustered_wave_3m_3000000.txt,clustered_wave_3m,3000000,14,0,hll,3000000,3000000,3000000,2.99837e+06,0.000542773
clustered_wave_3m_3000000.txt,clustered_wave_3m,3000000,14,0,hll++,30000,30000,30000,29940.5,0.0019839
clustered_wave_3m_3000000.txt,clustered_wave_3m,3000000,14,0,hll++,50043,50043,50043,50384.6,0.00682541
clustered_wave_3m_3000000.txt,clustered_wave_3m,3000000,14,0,hll++,83477,83477,83477,84032.6,0.00665602
clustered_wave_3m_3000000.txt,clustered_wave_3m,3000000,14,0,hll++,139248,139248,139248,141222,0.0141733
clustered_wave_3m_3000000.txt,clustered_wave_3m,3000000,14,0,hll++,232279,232279,232279,234010,0.00745125
clustered_wave_3m_3000000.txt,clustered_wave_3m,3000000,14,0,hll++,387465,387465,387465,391141,0.00948774
clustered_wave_3m_3000000.txt,clustered_wave_3m,3000000,14,0,hll++,646330,646330,646330,650004,0.00568417
clustered_wave_3m_3000000.txt,clustered_wave_3m,3000000,14,0,hll++,1078144,1078144,1078144,1.09663e+06,0.0171461
clustered_wave_3m_3000000.txt,clustered_wave_3m,3000000,14,0,hll++,1798453,1798453,1798453,1.81971e+06,0.0118196
clustered_wave_3m_3000000.txt,clustered_wave_3m,3000000,14,0,hll++,3000000,3000000,3000000,2.99837e+06,0.000542773
clustered_wave_3m_3000000.txt,clustered_wave_3m,3000000,14,1,ll,30000,30000,30000,29940.5,0.0019839
clustered_wave_3m_3000000.txt,clustered_wave_3m,3000000,14,1,ll,50043,50043,50043,50730.5,0.0137377
clustered_wave_3m_3000000.txt,clustered_wave_3m,3000000,14,1,ll,83477,83477,83477,84121.1,0.0077154
clustered_wave_3m_3000000.txt,clustered_wave_3m,3000000,14,1,ll,139248,139248,139248,140550,0.00934673
clustered_wave_3m_3000000.txt,clustered_wave_3m,3000000,14,1,ll,232279,232279,232279,234959,0.0115396
clustered_wave_3m_3000000.txt,clustered_wave_3m,3000000,14,1,ll,387465,387465,387465,392354,0.0126191
clustered_wave_3m_3000000.txt,clustered_wave_3m,3000000,14,1,ll,646330,646330,646330,653691,0.0113882
clustered_wave_3m_3000000.txt,clustered_wave_3m,3000000,14,1,ll,1078144,1078144,1078144,1.10054e+06,0.0207685
clustered_wave_3m_3000000.txt,clustered_wave_3m,3000000,14,1,ll,1798453,1798453,1798453,1.82738e+06,0.0160817
clustered_wave_3m_3000000.txt,clustered_wave_3m,3000000,14,1,ll,3000000,3000000,3000000,3.00729e+06,0.00242853
clustered_wave_3m_3000000.txt,clustered_wave_3m,3000000,14,1,hll,30000,30000,30000,29940.5,0.0019839
clustered_wave_3m_3000000.txt,clustered_wave_3m,3000000,14,1,hll,50043,50043,50043,49990.8,0.00104271
clustered_wave_3m_3000000.txt,clustered_wave_3m,3000000,14,1,hll,83477,83477,83477,84032.6,0.00665602
clustered_wave_3m_3000000.txt,clustered_wave_3m,3000000,14,1,hll,139248,139248,139248,141222,0.0141733
clustered_wave_3m_3000000.txt,clustered_wave_3m,3000000,14,1,hll,232279,232279,232279,234010,0.00745125
clustered_wave_3m_3000000.txt,clustered_wave_3m,3000000,14,1,hll,387465,387465,387465,391141,0.00948774
clustered_wave_3m_3000000.txt,clustered_wave_3m,3000000,14,1,hll,646330,646330,646330,650004,0.00568417
clustered_wave_3m_3000000.txt,clustered_wave_3m,3000000,14,1,hll,1078144,1078144,1078144,1.09663e+06,0.0171461
clustered_wave_3m_3000000.txt,clustered_wave_3m,3000000,14,1,hll,1798453,1798453,1798453,1.81971e+06,0.0118196
clustered_wave_3m_3000000.txt,clustered_wave_3m,3000000,14,1,hll,3000000,3000000,3000000,2.99837e+06,0.000542773
clustered_wave_3m_3000000.txt,clustered_wave_3m,3000000,14,1,hll++,30000,30000,30000,29940.5,0.0019839
clustered_wave_3m_3000000.txt,clustered_wave_3m,3000000,14,1,hll++,50043,50043,50043,50384.6,0.00682541
clustered_wave_3m_3000000.txt,clustered_wave_3m,3000000,14,1,hll++,83477,83477,83477,84032.6,0.00665602
clustered_wave_3m_3000000.txt,clustered_wave_3m,3000000,14,1,hll++,139248,139248,139248,141222,0.0141733
clustered_wave_3m_3000000.txt,clustered_wave_3m,3000000,14,1,hll++,232279,232279,232279,234010,0.00745125
clustered_wave_3m_3000000.txt,clustered_wave_3m,3000000,14,1,hll++,387465,387465,387465,391141,0.00948774
clustered_wave_3m_3000000.txt,clustered_wave_3m,3000000,14,1,hll++,646330,646330,646330,650004,0.00568417
clustered_wave_3m_3000000.txt,clustered_wave_3m,3000000,14,1,hll++,1078144,1078144,1078144,1.09663e+06,0.0171461
clustered_wave_3m_3000000.txt,clustered_wave_3m,3000000,14,1,hll++,1798453,1798453,1798453,1.81971e+06,0.0118196
clustered_wave_3m_3000000.txt,clustered_wave_3m,3000000,14,1,hll++,3000000,3000000,3000000,2.99837e+06,0.000542773
clustered_wave_3m_3000000.txt,clustered_wave_3m,3000000,14,2,ll,30000,30000,30000,29940.5,0.0019839
clustered_wave_3m_3000000.txt,clustered_wave_3m,3000000,14,2,ll,50043,50043,50043,50730.5,0.0137377
clustered_wave_3m_3000000.txt,clustered_wave_3m,3000000,14,2,ll,83477,83477,83477,84121.1,0.0077154
clustered_wave_3m_3000000.txt,clustered_wave_3m,3000000,14,2,ll,139248,139248,139248,140550,0.00934673
clustered_wave_3m_3000000.txt,clustered_wave_3m,3000000,14,2,ll,232279,232279,232279,234959,0.0115396
clustered_wave_3m_3000000.txt,clustered_wave_3m,3000000,14,2,ll,387465,387465,387465,392354,0.0126191
clustered_wave_3m_3000000.txt,clustered_wave_3m,3000000,14,2,ll,646330,646330,646330,653691,0.0113882
clustered_wave_3m_3000000.txt,clustered_wave_3m,3000000,14,2,ll,1078144,1078144,1078144,1.10054e+06,0.0207685
clustered_wave_3m_3000000.txt,clustered_wave_3m,3000000,14,2,ll,1798453,1798453,1798453,1.82738e+06,0.0160817
clustered_wave_3m_3000000.txt,clustered_wave_3m,3000000,14,2,ll,3000000,3000000,3000000,3.00729e+06,0.00242853
clustered_wave_3m_3000000.txt,clustered_wave_3m,3000000,14,2,hll,30000,30000,30000,29940.5,0.0019839
clustered_wave_3m_3000000.txt,clustered_wave_3m,3000000,14,2,hll,50043,50043,50043,49990.8,0.00104271
clustered_wave_3m_3000000.txt,clustered_wave_3m,3000000,14,2,hll,83477,83477,83477,84032.6,0.00665602
clustered_wave_3m_3000000.txt,clustered_wave_3m,3000000,14,2,hll,139248,139248,139248,141222,0.0141733
clustered_wave_3m_3000000.txt,clustered_wave_3m,3000000,14,2,hll,232279,232279,232279,234010,0.00745125
clustered_wave_3m_3000000.txt,clustered_wave_3m,3000000,14,2,hll,387465,387465,387465,391141,0.00948774
clustered_wave_3m_3000000.txt,clustered_wave_3m,3000000,14,2,hll,646330,646330,646330,650004,0.00568417
clustered_wave_3m_3000000.txt,clustered_wave_3m,3000000,14,2,hll,1078144,1078144,1078144,1.09663e+06,0.0171461
clustered_wave_3m_3000000.txt,clustered_wave_3m,3000000,14,2,hll,1798453,1798453,1798453,1.81971e+06,0.0118196
clustered_wave_3m_3000000.txt,clustered_wave_3m,3000000,14,2,hll,3000000,3000000,3000000,2.99837e+06,0.000542773
clustered_wave_3m_3000000.txt,clustered_wave_3m,3000000,14,2,hll++,30000,30000,30000,29940.5,0.0019839
clustered_wave_3m_3000000.txt,clustered_wave_3m,3000000,14,2,hll++,50043,50043,50043,50384.6,0.00682541
clustered_wave_3m_3000000.txt,clustered_wave_3m,3000000,14,2,hll++,83477,83477,83477,84032.6,0.00665602
clustered_wave_3m_3000000.txt,clustered_wave_3m,3000000,14,2,hll++,139248,139248,139248,141222,0.0141733
clustered_wave_3m_3000000.txt,clustered_wave_3m,3000000,14,2,hll++,232279,232279,232279,234010,0.00745125
clustered_wave_3m_3000000.txt,clustered_wave_3m,3000000,14,2,hll++,387465,387465,387465,391141,0.00948774
clustered_wave_3m_3000000.txt,clustered_wave_3m,3000000,14,2,hll++,646330,646330,646330,650004,0.00568417
clustered_wave_3m_3000000.txt,clustered_wave_3m,3000000,14,2,hll++,1078144,1078144,1078144,1.09663e+06,0.0171461
clustered_wave_3m_3000000.txt,clustered_wave_3m,3000000,14,2,hll++,1798453,1798453,1798453,1.81971e+06,0.0118196
clustered_wave_3m_3000000.txt,clustered_wave_3m,3000000,14,2,hll++,3000000,3000000,3000000,2.99837e+06,0.000542773
uniform_2m_2000000.txt,uniform_2m,2000000,14,0,ll,20000,20000,20000,20111,0.00555245
uniform_2m_2000000.txt,uniform_2m,2000000,14,0,ll,33362,33362,33362,33627.6,0.00796073
uniform_2m_2000000.txt,uniform_2m,2000000,14,0,ll,55651,55651,55651,54784,0.0155799
uniform_2m_2000000.txt,uniform_2m,2000000,14,0,ll,92832,92832,92832,91583.4,0.0134498
uniform_2m_2000000.txt,uniform_2m,2000000,14,0,ll,154853,154853,154853,153251,0.0103461
uniform_2m_2000000.txt,uniform_2m,2000000,14,0,ll,258310,258310,258310,259586,0.00493821
uniform_2m_2000000.txt,uniform_2m,2000000,14,0,ll,430887,430887,430887,433459,0.00596895
uniform_2m_2000000.txt,uniform_2m,2000000,14,0,ll,718763,718763,718763,720495,0.00240983
uniform_2m_2000000.txt,uniform_2m,2000000,14,0,ll,1198969,1198969,1198969,1.20304e+06,0.00339537
uniform_2m_2000000.txt,uniform_2m,2000000,14,0,ll,2000000,2000000,2000000,1.99285e+06,0.00357443
uniform_2m_2000000.txt,uniform_2m,2000000,14,0,hll,20000,20000,20000,20111,0.00555245
uniform_2m_2000000.txt,uniform_2m,2000000,14,0,hll,33362,33362,33362,33627.6,0.00796073
uniform_2m_2000000.txt,uniform_2m,2000000,14,0,hll,55651,55651,55651,56975.8,0.0238046
uniform_2m_2000000.txt,uniform_2m,2000000,14,0,hll,92832,92832,92832,92617.6,0.00230927
uniform_2m_2000000.txt,uniform_2m,2000000,14,0,hll,154853,154853,154853,154553,0.0019377
uniform_2m_2000000.txt,uniform_2m,2000000,14,0,hll,258310,258310,258310,260734,0.00938401
uniform_2m_2000000.txt,uniform_2m,2000000,14,0,hll,430887,430887,430887,431657,0.00178669
uniform_2m_2000000.txt,uniform_2m,2000000,14,0,hll,718763,718763,718763,724227,0.00760202
uniform_2m_2000000.txt,uniform_2m,2000000,14,0,hll,1198969,1198969,1198969,1.20126e+06,0.00191216
uniform_2m_2000000.txt,uniform_2m,2000000,14,0,hll,2000000,2000000,2000000,2.00581e+06,0.00290526
uniform_2m_2000000.txt,uniform_2m,2000000,14,0,hll++,20000,20000,20000,20111,0.00555245
uniform_2m_2000000.txt,uniform_2m,2000000,14,0,hll++,33362,33362,33362,33627.6,0.00796073
uniform_2m_2000000.txt,uniform_2m,2000000,14,0,hll++,55651,55651,55651,55464.6,0.00334896
uniform_2m_2000000.txt,uniform_2m,2000000,14,0,hll++,92832,92832,92832,92617.6,0.00230927
uniform_2m_2000000.txt,uniform_2m,2000000,14,0,hll++,154853,154853,154853,154553,0.0019377
uniform_2m_2000000.txt,uniform_2m,2000000,14,0,hll++,258310,258310,258310,260734,0.00938401
uniform_2m_2000000.txt,uniform_2m,2000000,14,0,hll++,430887,430887,430887,431657,0.00178669
uniform_2m_2000000.txt,uniform_2m,2000000,14,0,hll++,718763,718763,718763,724227,0.00760202
uniform_2m_2000000.txt,uniform_2m,2000000,14,0,hll++,1198969,1198969,1198969,1.20126e+06,0.00191216
uniform_2m_2000000.txt,uniform_2m,2000000,14,0,hll++,2000000,2000000,2000000,2.00581e+06,0.00290526
uniform_2m_2000000.txt,uniform_2m,2000000,14,1,ll,20000,20000,20000,20111,0.00555245
uniform_2m_2000000.txt,uniform_2m,2000000,14,1,ll,33362,33362,33362,33627.6,0.00796073
uniform_2m_2000000.txt,uniform_2m,2000000,14,1,ll,55651,55651,55651,54784,0.0155799
uniform_2m_2000000.txt,uniform_2m,2000000,14,1,ll,92832,92832,92832,91583.4,0.0134498
uniform_2m_2000000.txt,uniform_2m,2000000,14,1,ll,154853,154853,154853,153251,0.0103461
uniform_2m_2000000.txt,uniform_2m,2000000,14,1,ll,258310,258310,258310,259586,0.00493821
uniform_2m_2000000.txt,uniform_2m,2000000,14,1,ll,430887,430887,430887,433459,0.00596895
uniform_2m_2000000.txt,uniform_2m,2000000,14,1,ll,718763,718763,718763,720495,0.00240983
uniform_2m_2000000.txt,uniform_2m,2000000,14,1,ll,1198969,1198969,1198969,1.20304e+06,0.00339537
uniform_2m_2000000.txt,uniform_2m,2000000,14,1,ll,2000000,2000000,2000000,1.99285e+06,0.00357443
uniform_2m_2000000.txt,uniform_2m,2000000,14,1,hll,20000,20000,20000,20111,0.00555245
uniform_2m_2000000.txt,uniform_2m,2000000,14,1,hll,33362,33362,33362,33627.6,0.00796073
uniform_2m_2000000.txt,uniform_2m,2000000,14,1,hll,55651,55651,55651,56975.8,0.0238046
uniform_2m_2000000.txt,uniform_2m,2000000,14,1,hll,92832,92832,92832,92617.6,0.00230927
uniform_2m_2000000.txt,uniform_2m,2000000,14,1,hll,154853,154853,154853,154553,0.0019377
uniform_2m_2000000.txt,uniform_2m,2000000,14,1,hll,258310,258310,258310,260734,0.00938401
uniform_2m_2000000.txt,uniform_2m,2000000,14,1,hll,430887,430887,430887,431657,0.00178669
uniform_2m_2000000.txt,uniform_2m,2000000,14,1,hll,718763,718763,718763,724227,0.00760202
uniform_2m_2000000.txt,uniform_2m,2000000,14,1,hll,1198969,1198969,1198969,1.20126e+06,0.00191216
uniform_2m_2000000.txt,uniform_2m,2000000,14,1,hll,2000000,2000000,2000000,2.00581e+06,0.00290526
uniform_2m_2000000.txt,uniform_2m,2000000,14,1,hll++,20000,20000,20000,20111,0.00555245
uniform_2m_2000000.txt,uniform_2m,2000000,14,1,hll++,33362,33362,33362,33627.6,0.00796073
uniform_2m_2000000.txt,uniform_2m,2000000,14,1,hll++,55651,55651,55651,55464.6,0.00334896
uniform_2m_2000000.txt,uniform_2m,2000000,14,1,hll++,92832,92832,92832,92617.6,0.00230927
uniform_2m_2000000.txt,uniform_2m,2000000,14,1,hll++,154853,154853,154853,154553,0.0019377
uniform_2m_2000000.txt,uniform_2m,2000000,14,1,hll++,258310,258310,258310,260734,0.00938401
uniform_2m_2000000.txt,uniform_2m,2000000,14,1,hll++,430887,430887,430887,431657,0.00178669
uniform_2m_2000000.txt,uniform_2m,2000000,14,1,hll++,718763,718763,718763,724227,0.00760202
uniform_2m_2000000.txt,uniform_2m,2000000,14,1,hll++,1198969,1198969,1198969,1.20126e+06,0.00191216
uniform_2m_2000000.txt,uniform_2m,2000000,14,1,hll++,2000000,2000000,2000000,2.00581e+06,0.00290526
uniform_2m_2000000.txt,uniform_2m,2000000,14,2,ll,20000,20000,20000,20111,0.00555245
uniform_2m_2000000.txt,uniform_2m,2000000,14,2,ll,33362,33362,33362,33627.6,0.00796073
uniform_2m_2000000.txt,uniform_2m,2000000,14,2,ll,55651,55651,55651,54784,0.0155799
uniform_2m_2000000.txt,uniform_2m,2000000,14,2,ll,92832,92832,92832,91583.4,0.0134498
uniform_2m_2000000.txt,uniform_2m,2000000,14,2,ll,154853,154853,154853,153251,0.0103461
uniform_2m_2000000.txt,uniform_2m,2000000,14,2,ll,258310,258310,258310,259586,0.00493821
uniform_2m_2000000.txt,uniform_2m,2000000,14,2,ll,430887,430887,430887,433459,0.00596895
uniform_2m_2000000.txt,uniform_2m,2000000,14,2,ll,718763,718763,718763,720495,0.00240983
uniform_2m_2000000.txt,uniform_2m,2000000,14,2,ll,1198969,1198969,1198969,1.20304e+06,0.00339537
uniform_2m_2000000.txt,uniform_2m,2000000,14,2,ll,2000000,2000000,2000000,1.99285e+06,0.00357443
uniform_2m_2000000.txt,uniform_2m,2000000,14,2,hll,20000,20000,20000,20111,0.00555245
uniform_2m_2000000.txt,uniform_2m,2000000,14,2,hll,33362,33362,33362,33627.6,0.00796073
uniform_2m_2000000.txt,uniform_2m,2000000,14,2,hll,55651,55651,55651,56975.8,0.0238046
uniform_2m_2000000.txt,uniform_2m,2000000,14,2,hll,92832,92832,92832,92617.6,0.00230927
uniform_2m_2000000.txt,uniform_2m,2000000,14,2,hll,154853,154853,154853,154553,0.0019377
uniform_2m_2000000.txt,uniform_2m,2000000,14,2,hll,258310,258310,258310,260734,0.00938401
uniform_2m_2000000.txt,uniform_2m,2000000,14,2,hll,430887,430887,430887,431657,0.00178669
uniform_2m_2000000.txt,uniform_2m,2000000,14,2,hll,718763,718763,718763,724227,0.00760202
uniform_2m_2000000.txt,uniform_2m,2000000,14,2,hll,1198969,1198969,1198969,1.20126e+06,0.00191216
uniform_2m_2000000.txt,uniform_2m,2000000,14,2,hll,2000000,2000000,2000000,2.00581e+06,0.00290526
uniform_2m_2000000.txt,uniform_2m,2000000,14,2,hll++,20000,20000,20000,20111,0.00555245
uniform_2m_2000000.txt,uniform_2m,2000000,14,2,hll++,33362,33362,33362,33627.6,0.00796073
uniform_2m_2000000.txt,uniform_2m,2000000,14,2,hll++,55651,55651,55651,55464.6,0.00334896
uniform_2m_2000000.txt,uniform_2m,2000000,14,2,hll++,92832,92832,92832,92617.6,0.00230927
uniform_2m_2000000.txt,uniform_2m,2000000,14,2,hll++,154853,154853,154853,154553,0.0019377
uniform_2m_2000000.txt,uniform_2m,2000000,14,2,hll++,258310,258310,258310,260734,0.00938401
uniform_2m_2000000.txt,uniform_2m,2000000,14,2,hll++,430887,430887,430887,431657,0.00178669
uniform_2m_2000000.txt,uniform_2m,2000000,14,2,hll++,718763,718763,718763,724227,0.00760202
uniform_2m_2000000.txt,uniform_2m,2000000,14,2,hll++,1198969,1198969,1198969,1.20126e+06,0.00191216
uniform_2m_2000000.txt,uniform_2m,2000000,14,2,hll++,2000000,2000000,2000000,2.00581e+06,0.00290526
uniform_5m_5000000.txt,uniform_5m,5000000,14,0,ll,50000,50000,50000,50046.2,0.000923951
uniform_5m_5000000.txt,uniform_5m,5000000,14,0,ll,83405,83405,83405,83095.3,0.00371326
uniform_5m_5000000.txt,uniform_5m,5000000,14,0,ll,139128,139128,139128,138889,0.00172114
uniform_5m_5000000.txt,uniform_5m,5000000,14,0,ll,232079,232079,232079,232783,0.00303208
uniform_5m_5000000.txt,uniform_5m,5000000,14,0,ll,387132,387132,387132,386326,0.00208204
uniform_5m_5000000.txt,uniform_5m,5000000,14,0,ll,645775,645775,645775,647032,0.00194662
uniform_5m_5000000.txt,uniform_5m,5000000,14,0,ll,1077217,1077217,1077217,1.08239e+06,0.00480101
uniform_5m_5000000.txt,uniform_5m,5000000,14,0,ll,1796907,1796907,1796907,1.79231e+06,0.00255923
uniform_5m_5000000.txt,uniform_5m,5000000,14,0,ll,2997421,2997421,2997421,2.96886e+06,0.0095298
uniform_5m_5000000.txt,uniform_5m,5000000,14,0,ll,5000000,5000000,5000000,5.004e+06,0.000799471
uniform_5m_5000000.txt,uniform_5m,5000000,14,0,hll,50000,50000,50000,49990.8,0.000183604
uniform_5m_5000000.txt,uniform_5m,5000000,14,0,hll,83405,83405,83405,83541.1,0.00163184
uniform_5m_5000000.txt,uniform_5m,5000000,14,0,hll,139128,139128,139128,138625,0.00361518
uniform_5m_5000000.txt,uniform_5m,5000000,14,0,hll,232079,232079,232079,232692,0.0026424
uniform_5m_5000000.txt,uniform_5m,5000000,14,0,hll,387132,387132,387132,383699,0.00886675
uniform_5m_5000000.txt,uniform_5m,5000000,14,0,hll,645775,645775,645775,642075,0.00572964
uniform_5m_5000000.txt,uniform_5m,5000000,14,0,hll,1077217,1077217,1077217,1.07924e+06,0.00187579
uniform_5m_5000000.txt,uniform_5m,5000000,14,0,hll,1796907,1796907,1796907,1.78827e+06,0.00480856
uniform_5m_5000000.txt,uniform_5m,5000000,14,0,hll,2997421,2997421,2997421,2.95371e+06,0.0145845
uniform_5m_5000000.txt,uniform_5m,5000000,14,0,hll,5000000,5000000,5000000,4.99654e+06,0.000691545
uniform_5m_5000000.txt,uniform_5m,5000000,14,0,hll++,50000,50000,50000,50098.9,0.00197768
uniform_5m_5000000.txt,uniform_5m,5000000,14,0,hll++,83405,83405,83405,83541.1,0.00163184
uniform_5m_5000000.txt,uniform_5m,5000000,14,0,hll++,139128,139128,139128,138625,0.00361518
uniform_5m_5000000.txt,uniform_5m,5000000,14,0,hll++,232079,232079,232079,232692,0.0026424
uniform_5m_5000000.txt,uniform_5m,5000000,14,0,hll++,387132,387132,387132,383699,0.00886675
uniform_5m_5000000.txt,uniform_5m,5000000,14,0,hll++,645775,645775,645775,642075,0.00572964
uniform_5m_5000000.txt,uniform_5m,5000000,14,0,hll++,1077217,1077217,1077217,1.07924e+06,0.00187579
uniform_5m_5000000.txt,uniform_5m,5000000,14,0,hll++,1796907,1796907,1796907,1.78827e+06,0.00480856
uniform_5m_5000000.txt,uniform_5m,5000000,14,0,hll++,2997421,2997421,2997421,2.95371e+06,0.0145845
uniform_5m_5000000.txt,uniform_5m,5000000,14,0,hll++,5000000,5000000,5000000,4.99654e+06,0.000691545
uniform_5m_5000000.txt,uniform_5m,5000000,14,1,ll,50000,50000,50000,50046.2,0.000923951
uniform_5m_5000000.txt,uniform_5m,5000000,14,1,ll,83405,83405,83405,83095.3,0.00371326
uniform_5m_5000000.txt,uniform_5m,5000000,14,1,ll,139128,139128,139128,138889,0.00172114
uniform_5m_5000000.txt,uniform_5m,5000000,14,1,ll,232079,232079,232079,232783,0.00303208
uniform_5m_5000000.txt,uniform_5m,5000000,14,1,ll,387132,387132,387132,386326,0.00208204
uniform_5m_5000000.txt,uniform_5m,5000000,14,1,ll,645775,645775,645775,647032,0.00194662
uniform_5m_5000000.txt,uniform_5m,5000000,14,1,ll,1077217,1077217,1077217,1.08239e+06,0.00480101
uniform_5m_5000000.txt,uniform_5m,5000000,14,1,ll,1796907,1796907,1796907,1.79231e+06,0.00255923
uniform_5m_5000000.txt,uniform_5m,5000000,14,1,ll,2997421,2997421,2997421,2.96886e+06,0.0095298
uniform_5m_5000000.txt,uniform_5m,5000000,14,1,ll,5000000,5000000,5000000,5.004e+06,0.000799471
uniform_5m_5000000.txt,uniform_5m,5000000,14,1,hll,50000,50000,50000,49990.8,0.000183604
uniform_5m_5000000.txt,uniform_5m,5000000,14,1,hll,83405,83405,83405,83541.1,0.00163184
uniform_5m_5000000.txt,uniform_5m,5000000,14,1,hll,139128,139128,139128,138625,0.00361518
uniform_5m_5000000.txt,uniform_5m,5000000,14,1,hll,232079,232079,232079,232692,0.0026424
uniform_5m_5000000.txt,uniform_5m,5000000,14,1,hll,387132,387132,387132,383699,0.00886675
uniform_5m_5000000.txt,uniform_5m,5000000,14,1,hll,645775,645775,645775,642075,0.00572964
uniform_5m_5000000.txt,uniform_5m,5000000,14,1,hll,1077217,1077217,1077217,1.07924e+06,0.00187579
uniform_5m_5000000.txt,uniform_5m,5000000,14,1,hll,1796907,1796907,1796907,1.78827e+06,0.00480856
uniform_5m_5000000.txt,uniform_5m,5000000,14,1,hll,2997421,2997421,2997421,2.95371e+06,0.0145845
uniform_5m_5000000.txt,uniform_5m,5000000,14,1,hll,5000000,5000000,5000000,4.99654e+06,0.000691545
uniform_5m_5000000.txt,uniform_5m,5000000,14,1,hll++,50000,50000,50000,50098.9,0.00197768
uniform_5m_5000000.txt,uniform_5m,5000000,14,1,hll++,83405,83405,83405,83541.1,0.00163184
uniform_5m_5000000.txt,uniform_5m,5000000,14,1,hll++,139128,139128,139128,138625,0.00361518
uniform_5m_5000000.txt,uniform_5m,5000000,14,1,hll++,232079,232079,232079,232692,0.0026424
uniform_5m_5000000.txt,uniform_5m,5000000,14,1,hll++,387132,387132,387132,383699,0.00886675
uniform_5m_5000000.txt,uniform_5m,5000000,14,1,hll++,645775,645775,645775,642075,0.00572964
uniform_5m_5000000.txt,uniform_5m,5000000,14,1,hll++,1077217,1077217,1077217,1.07924e+06,0.00187579
uniform_5m_5000000.txt,uniform_5m,5000000,14,1,hll++,1796907,1796907,1796907,1.78827e+06,0.00480856
uniform_5m_5000000.txt,uniform_5m,5000000,14,1,hll++,2997421,2997421,2997421,2.95371e+06,0.0145845
uniform_5m_5000000.txt,uniform_5m,5000000,14,1,hll++,5000000,5000000,5000000,4.99654e+06,0.000691545
uniform_5m_5000000.txt,uniform_5m,5000000,14,2,ll,50000,50000,50000,50046.2,0.000923951
uniform_5m_5000000.txt,uniform_5m,5000000,14,2,ll,83405,83405,83405,83095.3,0.00371326
uniform_5m_5000000.txt,uniform_5m,5000000,14,2,ll,139128,139128,139128,138889,0.00172114
uniform_5m_5000000.txt,uniform_5m,5000000,14,2,ll,232079,232079,232079,232783,0.00303208
uniform_5m_5000000.txt,uniform_5m,5000000,14,2,ll,387132,387132,387132,386326,0.00208204
uniform_5m_5000000.txt,uniform_5m,5000000,14,2,ll,645775,645775,645775,647032,0.00194662
uniform_5m_5000000.txt,uniform_5m,5000000,14,2,ll,1077217,1077217,1077217,1.08239e+06,0.00480101
uniform_5m_5000000.txt,uniform_5m,5000000,14,2,ll,1796907,1796907,1796907,1.79231e+06,0.00255923
uniform_5m_5000000.txt,uniform_5m,5000000,14,2,ll,2997421,2997421,2997421,2.96886e+06,0.0095298
uniform_5m_5000000.txt,uniform_5m,5000000,14,2,ll,5000000,5000000,5000000,5.004e+06,0.000799471
uniform_5m_5000000.txt,uniform_5m,5000000,14,2,hll,50000,50000,50000,49990.8,0.000183604
uniform_5m_5000000.txt,uniform_5m,5000000,14,2,hll,83405,83405,83405,83541.1,0.00163184
uniform_5m_5000000.txt,uniform_5m,5000000,14,2,hll,139128,139128,139128,138625,0.00361518
uniform_5m_5000000.txt,uniform_5m,5000000,14,2,hll,232079,232079,232079,232692,0.0026424
uniform_5m_5000000.txt,uniform_5m,5000000,14,2,hll,387132,387132,387132,383699,0.00886675
uniform_5m_5000000.txt,uniform_5m,5000000,14,2,hll,645775,645775,645775,642075,0.00572964
uniform_5m_5000000.txt,uniform_5m,5000000,14,2,hll,1077217,1077217,1077217,1.07924e+06,0.00187579
uniform_5m_5000000.txt,uniform_5m,5000000,14,2,hll,1796907,1796907,1796907,1.78827e+06,0.00480856
uniform_5m_5000000.txt,uniform_5m,5000000,14,2,hll,2997421,2997421,2997421,2.95371e+06,0.0145845
uniform_5m_5000000.txt,uniform_5m,5000000,14,2,hll,5000000,5000000,5000000,4.99654e+06,0.000691545
uniform_5m_5000000.txt,uniform_5m,5000000,14,2,hll++,50000,50000,50000,50098.9,0.00197768
uniform_5m_5000000.txt,uniform_5m,5000000,14,2,hll++,83405,83405,83405,83541.1,0.00163184
uniform_5m_5000000.txt,uniform_5m,5000000,14,2,hll++,139128,139128,139128,138625,0.00361518
uniform_5m_5000000.txt,uniform_5m,5000000,14,2,hll++,232079,232079,232079,232692,0.0026424
uniform_5m_5000000.txt,uniform_5m,5000000,14,2,hll++,387132,387132,387132,383699,0.00886675
uniform_5m_5000000.txt,uniform_5m,5000000,14,2,hll++,645775,645775,645775,642075,0.00572964
uniform_5m_5000000.txt,uniform_5m,5000000,14,2,hll++,1077217,1077217,1077217,1.07924e+06,0.00187579
uniform_5m_5000000.txt,uniform_5m,5000000,14,2,hll++,1796907,1796907,1796907,1.78827e+06,0.00480856
uniform_5m_5000000.txt,uniform_5m,5000000,14,2,hll++,2997421,2997421,2997421,2.95371e+06,0.0145845
uniform_5m_5000000.txt,uniform_5m,5000000,14,2,hll++,5000000,5000000,5000000,4.99654e+06,0.000691545
uniform_small_500k_500000.txt,uniform_small_500k,500000,14,0,ll,5000,5000,5000,5055.6,0.0111198
uniform_small_500k_500000.txt,uniform_small_500k,500000,14,0,ll,8341,8341,8341,8328.42,0.00150842
uniform_small_500k_500000.txt,uniform_small_500k,500000,14,0,ll,13913,13913,13913,13883.8,0.00209912
uniform_small_500k_500000.txt,uniform_small_500k,500000,14,0,ll,23208,23208,23208,23142.6,0.00281672
uniform_small_500k_500000.txt,uniform_small_500k,500000,14,0,ll,38713,38713,38713,38560.5,0.00394
uniform_small_500k_500000.txt,uniform_small_500k,500000,14,0,ll,64577,64577,64577,65204.6,0.00971904
uniform_small_500k_500000.txt,uniform_small_500k,500000,14,0,ll,107722,107722,107722,110471,0.0255184
uniform_small_500k_500000.txt,uniform_small_500k,500000,14,0,ll,179691,179691,179691,186049,0.0353814
uniform_small_500k_500000.txt,uniform_small_500k,500000,14,0,ll,299742,299742,299742,307164,0.0247606
uniform_small_500k_500000.txt,uniform_small_500k,500000,14,0,ll,500000,500000,500000,505730,0.0114608
uniform_small_500k_500000.txt,uniform_small_500k,500000,14,0,hll,5000,5000,5000,5055.6,0.0111198
uniform_small_500k_500000.txt,uniform_small_500k,500000,14,0,hll,8341,8341,8341,8328.42,0.00150842
uniform_small_500k_500000.txt,uniform_small_500k,500000,14,0,hll,13913,13913,13913,13883.8,0.00209912
uniform_small_500k_500000.txt,uniform_small_500k,500000,14,0,hll,23208,23208,23208,23142.6,0.00281672
uniform_small_500k_500000.txt,uniform_small_500k,500000,14,0,hll,38713,38713,38713,38560.5,0.00394
uniform_small_500k_500000.txt,uniform_small_500k,500000,14,0,hll,64577,64577,64577,64793.3,0.00334907
uniform_small_500k_500000.txt,uniform_small_500k,500000,14,0,hll,107722,107722,107722,109151,0.0132678
uniform_small_500k_500000.txt,uniform_small_500k,500000,14,0,hll,179691,179691,179691,183386,0.0205657
uniform_small_500k_500000.txt,uniform_small_500k,500000,14,0,hll,299742,299742,299742,305096,0.0178634
uniform_small_500k_500000.txt,uniform_small_500k,500000,14,0,hll,500000,500000,500000,503754,0.00750826
uniform_small_500k_500000.txt,uniform_small_500k,500000,14,0,hll++,5000,5000,5000,5055.6,0.0111198
uniform_small_500k_500000.txt,uniform_small_500k,500000,14,0,hll++,8341,8341,8341,8328.42,0.00150842
uniform_small_500k_500000.txt,uniform_small_500k,500000,14,0,hll++,13913,13913,13913,13883.8,0.00209912
uniform_small_500k_500000.txt,uniform_small_500k,500000,14,0,hll++,23208,23208,23208,23142.6,0.00281672
uniform_small_500k_500000.txt,uniform_small_500k,500000,14,0,hll++,38713,38713,38713,38560.5,0.00394
uniform_small_500k_500000.txt,uniform_small_500k,500000,14,0,hll++,64577,64577,64577,64266.5,0.00480758
uniform_small_500k_500000.txt,uniform_small_500k,500000,14,0,hll++,107722,107722,107722,109151,0.0132678
uniform_small_500k_500000.txt,uniform_small_500k,500000,14,0,hll++,179691,179691,179691,183386,0.0205657
uniform_small_500k_500000.txt,uniform_small_500k,500000,14,0,hll++,299742,299742,299742,305096,0.0178634
uniform_small_500k_500000.txt,uniform_small_500k,500000,14,0,hll++,500000,500000,500000,503754,0.00750826
uniform_small_500k_500000.txt,uniform_small_500k,500000,14,1,ll,5000,5000,5000,5055.6,0.0111198
uniform_small_500k_500000.txt,uniform_small_500k,500000,14,1,ll,8341,8341,8341,8328.42,0.00150842
uniform_small_500k_500000.txt,uniform_small_500k,500000,14,1,ll,13913,13913,13913,13883.8,0.00209912
uniform_small_500k_500000.txt,uniform_small_500k,500000,14,1,ll,23208,23208,23208,23142.6,0.00281672
uniform_small_500k_500000.txt,uniform_small_500k,500000,14,1,ll,38713,38713,38713,38560.5,0.00394
uniform_small_500k_500000.txt,uniform_small_500k,500000,14,1,ll,64577,64577,64577,65204.6,0.00971904
uniform_small_500k_500000.txt,uniform_small_500k,500000,14,1,ll,107722,107722,107722,110471,0.0255184
uniform_small_500k_500000.txt,uniform_small_500k,500000,14,1,ll,179691,179691,179691,186049,0.0353814
uniform_small_500k_500000.txt,uniform_small_500k,500000,14,1,ll,299742,299742,299742,307164,0.0247606
uniform_small_500k_500000.txt,uniform_small_500k,500000,14,1,ll,500000,500000,500000,505730,0.0114608
uniform_small_500k_500000.txt,uniform_small_500k,500000,14,1,hll,5000,5000,5000,5055.6,0.0111198
uniform_small_500k_500000.txt,uniform_small_500k,500000,14,1,hll,8341,8341,8341,8328.42,0.00150842
uniform_small_500k_500000.txt,uniform_small_500k,500000,14,1,hll,13913,13913,13913,13883.8,0.00209912
uniform_small_500k_500000.txt,uniform_small_500k,500000,14,1,hll,23208,23208,23208,23142.6,0.00281672
uniform_small_500k_500000.txt,uniform_small_500k,500000,14,1,hll,38713,38713,38713,38560.5,0.00394
uniform_small_500k_500000.txt,uniform_small_500k,500000,14,1,hll,64577,64577,64577,64793.3,0.00334907
uniform_small_500k_500000.txt,uniform_small_500k,500000,14,1,hll,107722,107722,107722,109151,0.0132678
uniform_small_500k_500000.txt,uniform_small_500k,500000,14,1,hll,179691,179691,179691,183386,0.0205657
uniform_small_500k_500000.txt,uniform_small_500k,500000,14,1,hll,299742,299742,299742,305096,0.0178634
uniform_small_500k_500000.txt,uniform_small_500k,500000,14,1,hll,500000,500000,500000,503754,0.00750826
uniform_small_500k_500000.txt,uniform_small_500k,500000,14,1,hll++,5000,5000,5000,5055.6,0.0111198
uniform_small_500k_500000.txt,uniform_small_500k,500000,14,1,hll++,8341,8341,8341,8328.42,0.00150842
uniform_small_500k_500000.txt,uniform_small_500k,500000,14,1,hll++,13913,13913,13913,13883.8,0.00209912
uniform_small_500k_500000.txt,uniform_small_500k,500000,14,1,hll++,23208,23208,23208,23142.6,0.00281672
uniform_small_500k_500000.txt,uniform_small_500k,500000,14,1,hll++,38713,38713,38713,38560.5,0.00394
uniform_small_500k_500000.txt,uniform_small_500k,500000,14,1,hll++,64577,64577,64577,64266.5,0.00480758
uniform_small_500k_500000.txt,uniform_small_500k,500000,14,1,hll++,107722,107722,107722,109151,0.0132678
uniform_small_500k_500000.txt,uniform_small_500k,500000,14,1,hll++,179691,179691,179691,183386,0.0205657
uniform_small_500k_500000.txt,uniform_small_500k,500000,14,1,hll++,299742,299742,299742,305096,0.0178634
uniform_small_500k_500000.txt,uniform_small_500k,500000,14,1,hll++,500000,500000,500000,503754,0.00750826
uniform_small_500k_500000.txt,uniform_small_500k,500000,14,2,ll,5000,5000,5000,5055.6,0.0111198
uniform_small_500k_500000.txt,uniform_small_500k,500000,14,2,ll,8341,8341,8341,8328.42,0.00150842
uniform_small_500k_500000.txt,uniform_small_500k,500000,14,2,ll,13913,13913,13913,13883.8,0.00209912
uniform_small_500k_500000.txt,uniform_small_500k,500000,14,2,ll,23208,23208,23208,23142.6,0.00281672
uniform_small_500k_500000.txt,uniform_small_500k,500000,14,2,ll,38713,38713,38713,38560.5,0.00394
uniform_small_500k_500000.txt,uniform_small_500k,500000,14,2,ll,64577,64577,64577,65204.6,0.00971904
uniform_small_500k_500000.txt,uniform_small_500k,500000,14,2,ll,107722,107722,107722,110471,0.0255184
uniform_small_500k_500000.txt,uniform_small_500k,500000,14,2,ll,179691,179691,179691,186049,0.0353814
uniform_small_500k_500000.txt,uniform_small_500k,500000,14,2,ll,299742,299742,299742,307164,0.0247606
uniform_small_500k_500000.txt,uniform_small_500k,500000,14,2,ll,500000,500000,500000,505730,0.0114608
uniform_small_500k_500000.txt,uniform_small_500k,500000,14,2,hll,5000,5000,5000,5055.6,0.0111198
uniform_small_500k_500000.txt,uniform_small_500k,500000,14,2,hll,8341,8341,8341,8328.42,0.00150842
uniform_small_500k_500000.txt,uniform_small_500k,500000,14,2,hll,13913,13913,13913,13883.8,0.00209912
uniform_small_500k_500000.txt,uniform_small_500k,500000,14,2,hll,23208,23208,23208,23142.6,0.00281672
uniform_small_500k_500000.txt,uniform_small_500k,500000,14,2,hll,38713,38713,38713,38560.5,0.00394
uniform_small_500k_500000.txt,uniform_small_500k,500000,14,2,hll,64577,64577,64577,64793.3,0.00334907
uniform_small_500k_500000.txt,uniform_small_500k,500000,14,2,hll,107722,107722,107722,109151,0.0132678
uniform_small_500k_500000.txt,uniform_small_500k,500000,14,2,hll,179691,179691,179691,183386,0.0205657
uniform_small_500k_500000.txt,uniform_small_500k,500000,14,2,hll,299742,299742,299742,305096,0.0178634
uniform_small_500k_500000.txt,uniform_small_500k,500000,14,2,hll,500000,500000,500000,503754,0.00750826
uniform_small_500k_500000.txt,uniform_small_500k,500000,14,2,hll++,5000,5000,5000,5055.6,0.0111198
uniform_small_500k_500000.txt,uniform_small_500k,500000,14,2,hll++,8341,8341,8341,8328.42,0.00150842
uniform_small_500k_500000.txt,uniform_small_500k,500000,14,2,hll++,13913,13913,13913,13883.8,0.00209912
uniform_small_500k_500000.txt,uniform_small_500k,500000,14,2,hll++,23208,23208,23208,23142.6,0.00281672
uniform_small_500k_500000.txt,uniform_small_500k,500000,14,2,hll++,38713,38713,38713,38560.5,0.00394
uniform_small_500k_500000.txt,uniform_small_500k,500000,14,2,hll++,64577,64577,64577,64266.5,0.00480758
uniform_small_500k_500000.txt,uniform_small_500k,500000,14,2,hll++,107722,107722,107722,109151,0.0132678
uniform_small_500k_500000.txt,uniform_small_500k,500000,14,2,hll++,179691,179691,179691,183386,0.0205657
uniform_small_500k_500000.txt,uniform_small_500k,500000,14,2,hll++,299742,299742,299742,305096,0.0178634
uniform_small_500k_500000.txt,uniform_small_500k,500000,14,2,hll++,500000,500000,500000,503754,0.00750826
zipf_heavy_2m_2000000.txt,zipf_heavy_2m,2000000,14,0,ll,10756,15386,10756,10748,0.000746879
zipf_heavy_2m_2000000.txt,zipf_heavy_2m,2000000,14,0,ll,17942,26354,17942,18045.7,0.00578132
zipf_heavy_2m_2000000.txt,zipf_heavy_2m,2000000,14,0,ll,29929,45256,29929,29767.3,0.00540271
zipf_heavy_2m_2000000.txt,zipf_heavy_2m,2000000,14,0,ll,49924,77867,49924,49710.7,0.00427287
zipf_heavy_2m_2000000.txt,zipf_heavy_2m,2000000,14,0,ll,83279,133289,83279,82993.4,0.00342932
zipf_heavy_2m_2000000.txt,zipf_heavy_2m,2000000,14,0,ll,138918,228975,138918,140347,0.0102902
zipf_heavy_2m_2000000.txt,zipf_heavy_2m,2000000,14,0,ll,231729,394364,231729,234721,0.0129114
zipf_heavy_2m_2000000.txt,zipf_heavy_2m,2000000,14,0,ll,386547,677431,386547,391145,0.011894
zipf_heavy_2m_2000000.txt,zipf_heavy_2m,2000000,14,0,ll,644799,1163656,644799,651758,0.0107917
zipf_heavy_2m_2000000.txt,zipf_heavy_2m,2000000,14,0,ll,1075590,2000000,1075590,1.08367e+06,0.0075137
zipf_heavy_2m_2000000.txt,zipf_heavy_2m,2000000,14,0,hll,10756,15386,10756,10748,0.000746879
zipf_heavy_2m_2000000.txt,zipf_heavy_2m,2000000,14,0,hll,17942,26354,17942,18045.7,0.00578132
zipf_heavy_2m_2000000.txt,zipf_heavy_2m,2000000,14,0,hll,29929,45256,29929,29767.3,0.00540271
zipf_heavy_2m_2000000.txt,zipf_heavy_2m,2000000,14,0,hll,49924,77867,49924,49594,0.0066102
zipf_heavy_2m_2000000.txt,zipf_heavy_2m,2000000,14,0,hll,83279,133289,83279,82922.4,0.0042822
zipf_heavy_2m_2000000.txt,zipf_heavy_2m,2000000,14,0,hll,138918,228975,138918,140190,0.00915823
zipf_heavy_2m_2000000.txt,zipf_heavy_2m,2000000,14,0,hll,231729,394364,231729,234692,0.0127867
zipf_heavy_2m_2000000.txt,zipf_heavy_2m,2000000,14,0,hll,386547,677431,386547,389247,0.00698508
zipf_heavy_2m_2000000.txt,zipf_heavy_2m,2000000,14,0,hll,644799,1163656,644799,647296,0.00387268
zipf_heavy_2m_2000000.txt,zipf_heavy_2m,2000000,14,0,hll,1075590,2000000,1075590,1.07651e+06,0.000853691
zipf_heavy_2m_2000000.txt,zipf_heavy_2m,2000000,14,0,hll++,10756,15386,10756,10748,0.000746879
zipf_heavy_2m_2000000.txt,zipf_heavy_2m,2000000,14,0,hll++,17942,26354,17942,18045.7,0.00578132
zipf_heavy_2m_2000000.txt,zipf_heavy_2m,2000000,14,0,hll++,29929,45256,29929,29767.3,0.00540271
zipf_heavy_2m_2000000.txt,zipf_heavy_2m,2000000,14,0,hll++,49924,77867,49924,49541.7,0.00765677
zipf_heavy_2m_2000000.txt,zipf_heavy_2m,2000000,14,0,hll++,83279,133289,83279,82922.4,0.0042822
zipf_heavy_2m_2000000.txt,zipf_heavy_2m,2000000,14,0,hll++,138918,228975,138918,140190,0.00915823
zipf_heavy_2m_2000000.txt,zipf_heavy_2m,2000000,14,0,hll++,231729,394364,231729,234692,0.0127867
zipf_heavy_2m_2000000.txt,zipf_heavy_2m,2000000,14,0,hll++,386547,677431,386547,389247,0.00698508
zipf_heavy_2m_2000000.txt,zipf_heavy_2m,2000000,14,0,hll++,644799,1163656,644799,647296,0.00387268
zipf_heavy_2m_2000000.txt,zipf_heavy_2m,2000000,14,0,hll++,1075590,2000000,1075590,1.07651e+06,0.000853691
zipf_heavy_2m_2000000.txt,zipf_heavy_2m,2000000,14,1,ll,10756,15386,10756,10748,0.000746879
zipf_heavy_2m_2000000.txt,zipf_heavy_2m,2000000,14,1,ll,17942,26354,17942,18045.7,0.00578132
zipf_heavy_2m_2000000.txt,zipf_heavy_2m,2000000,14,1,ll,29929,45256,29929,29767.3,0.00540271
zipf_heavy_2m_2000000.txt,zipf_heavy_2m,2000000,14,1,ll,49924,77867,49924,49710.7,0.00427287
zipf_heavy_2m_2000000.txt,zipf_heavy_2m,2000000,14,1,ll,83279,133289,83279,82993.4,0.00342932
zipf_heavy_2m_2000000.txt,zipf_heavy_2m,2000000,14,1,ll,138918,228975,138918,140347,0.0102902
zipf_heavy_2m_2000000.txt,zipf_heavy_2m,2000000,14,1,ll,231729,394364,231729,234721,0.0129114
zipf_heavy_2m_2000000.txt,zipf_heavy_2m,2000000,14,1,ll,386547,677431,386547,391145,0.011894
zipf_heavy_2m_2000000.txt,zipf_heavy_2m,2000000,14,1,ll,644799,1163656,644799,651758,0.0107917
zipf_heavy_2m_2000000.txt,zipf_heavy_2m,2000000,14,1,ll,1075590,2000000,1075590,1.08367e+06,0.0075137
zipf_heavy_2m_2000000.txt,zipf_heavy_2m,2000000,14,1,hll,10756,15386,10756,10748,0.000746879
zipf_heavy_2m_2000000.txt,zipf_heavy_2m,2000000,14,1,hll,17942,26354,17942,18045.7,0.00578132
zipf_heavy_2m_2000000.txt,zipf_heavy_2m,2000000,14,1,hll,29929,45256,29929,29767.3,0.00540271
zipf_heavy_2m_2000000.txt,zipf_heavy_2m,2000000,14,1,hll,49924,77867,49924,49594,0.0066102
zipf_heavy_2m_2000000.txt,zipf_heavy_2m,2000000,14,1,hll,83279,133289,83279,82922.4,0.0042822
zipf_heavy_2m_2000000.txt,zipf_heavy_2m,2000000,14,1,hll,138918,228975,138918,140190,0.00915823
zipf_heavy_2m_2000000.txt,zipf_heavy_2m,2000000,14,1,hll,231729,394364,231729,234692,0.0127867
zipf_heavy_2m_2000000.txt,zipf_heavy_2m,2000000,14,1,hll,386547,677431,386547,389247,0.00698508
zipf_heavy_2m_2000000.txt,zipf_heavy_2m,2000000,14,1,hll,644799,1163656,644799,647296,0.00387268
zipf_heavy_2m_2000000.txt,zipf_heavy_2m,2000000,14,1,hll,1075590,2000000,1075590,1.07651e+06,0.000853691
zipf_heavy_2m_2000000.txt,zipf_heavy_2m,2000000,14,1,hll++,10756,15386,10756,10748,0.000746879
zipf_heavy_2m_2000000.txt,zipf_heavy_2m,2000000,14,1,hll++,17942,26354,17942,18045.7,0.00578132
zipf_heavy_2m_2000000.txt,zipf_heavy_2m,2000000,14,1,hll++,29929,45256,29929,29767.3,0.00540271
zipf_heavy_2m_2000000.txt,zipf_heavy_2m,2000000,14,1,hll++,49924,77867,49924,49541.7,0.00765677
zipf_heavy_2m_2000000.txt,zipf_heavy_2m,2000000,14,1,hll++,83279,133289,83279,82922.4,0.0042822
zipf_heavy_2m_2000000.txt,zipf_heavy_2m,2000000,14,1,hll++,138918,228975,138918,140190,0.00915823
zipf_heavy_2m_2000000.txt,zipf_heavy_2m,2000000,14,1,hll++,231729,394364,231729,234692,0.0127867
zipf_heavy_2m_2000000.txt,zipf_heavy_2m,2000000,14,1,hll++,386547,677431,386547,389247,0.00698508
zipf_heavy_2m_2000000.txt,zipf_heavy_2m,2000000,14,1,hll++,644799,1163656,644799,647296,0.00387268
zipf_heavy_2m_2000000.txt,zipf_heavy_2m,2000000,14,1,hll++,1075590,2000000,1075590,1.07651e+06,0.000853691
zipf_heavy_2m_2000000.txt,zipf_heavy_2m,2000000,14,2,ll,10756,15386,10756,10748,0.000746879
zipf_heavy_2m_2000000.txt,zipf_heavy_2m,2000000,14,2,ll,17942,26354,17942,18045.7,0.00578132
zipf_heavy_2m_2000000.txt,zipf_heavy_2m,2000000,14,2,ll,29929,45256,29929,29767.3,0.00540271
zipf_heavy_2m_2000000.txt,zipf_heavy_2m,2000000,14,2,ll,49924,77867,49924,49710.7,0.00427287
zipf_heavy_2m_2000000.txt,zipf_heavy_2m,2000000,14,2,ll,83279,133289,83279,82993.4,0.00342932
zipf_heavy_2m_2000000.txt,zipf_heavy_2m,2000000,14,2,ll,138918,228975,138918,140347,0.0102902
zipf_heavy_2m_2000000.txt,zipf_heavy_2m,2000000,14,2,ll,231729,394364,231729,234721,0.0129114
zipf_heavy_2m_2000000.txt,zipf_heavy_2m,2000000,14,2,ll,386547,677431,386547,391145,0.011894
zipf_heavy_2m_2000000.txt,zipf_heavy_2m,2000000,14,2,ll,644799,1163656,644799,651758,0.0107917
zipf_heavy_2m_2000000.txt,zipf_heavy_2m,2000000,14,2,ll,1075590,2000000,1075590,1.08367e+06,0.0075137
zipf_heavy_2m_2000000.txt,zipf_heavy_2m,2000000,14,2,hll,10756,15386,10756,10748,0.000746879
zipf_heavy_2m_2000000.txt,zipf_heavy_2m,2000000,14,2,hll,17942,26354,17942,18045.7,0.00578132
zipf_heavy_2m_2000000.txt,zipf_heavy_2m,2000000,14,2,hll,29929,45256,29929,29767.3,0.00540271
zipf_heavy_2m_2000000.txt,zipf_heavy_2m,2000000,14,2,hll,49924,77867,49924,49594,0.0066102
zipf_heavy_2m_2000000.txt,zipf_heavy_2m,2000000,14,2,hll,83279,133289,83279,82922.4,0.0042822
zipf_heavy_2m_2000000.txt,zipf_heavy_2m,2000000,14,2,hll,138918,228975,138918,140190,0.00915823
zipf_heavy_2m_2000000.txt,zipf_heavy_2m,2000000,14,2,hll,231729,394364,231729,234692,0.0127867
zipf_heavy_2m_2000000.txt,zipf_heavy_2m,2000000,14,2,hll,386547,677431,386547,389247,0.00698508
zipf_heavy_2m_2000000.txt,zipf_heavy_2m,2000000,14,2,hll,644799,1163656,644799,647296,0.00387268
zipf_heavy_2m_2000000.txt,zipf_heavy_2m,2000000,14,2,hll,1075590,2000000,1075590,1.07651e+06,0.000853691
zipf_heavy_2m_2000000.txt,zipf_heavy_2m,2000000,14,2,hll++,10756,15386,10756,10748,0.000746879
zipf_heavy_2m_2000000.txt,zipf_heavy_2m,2000000,14,2,hll++,17942,26354,17942,18045.7,0.00578132
zipf_heavy_2m_2000000.txt,zipf_heavy_2m,2000000,14,2,hll++,29929,45256,29929,29767.3,0.00540271
zipf_heavy_2m_2000000.txt,zipf_heavy_2m,2000000,14,2,hll++,49924,77867,49924,49541.7,0.00765677
zipf_heavy_2m_2000000.txt,zipf_heavy_2m,2000000,14,2,hll++,83279,133289,83279,82922.4,0.0042822
zipf_heavy_2m_2000000.txt,zipf_heavy_2m,2000000,14,2,hll++,138918,228975,138918,140190,0.00915823
zipf_heavy_2m_2000000.txt,zipf_heavy_2m,2000000,14,2,hll++,231729,394364,231729,234692,0.0127867
zipf_heavy_2m_2000000.txt,zipf_heavy_2m,2000000,14,2,hll++,386547,677431,386547,389247,0.00698508
zipf_heavy_2m_2000000.txt,zipf_heavy_2m,2000000,14,2,hll++,644799,1163656,644799,647296,0.00387268
zipf_heavy_2m_2000000.txt,zipf_heavy_2m,2000000,14,2,hll++,1075590,2000000,1075590,1.07651e+06,0.000853691
zipf_light_500k_500000.txt,zipf_light_500k,500000,14,0,ll,744,2087,744,746.763,0.00371321
zipf_light_500k_500000.txt,zipf_light_500k,500000,14,0,ll,1241,3777,1241,1249.45,0.00681202
zipf_light_500k_500000.txt,zipf_light_500k,500000,14,0,ll,2069,6910,2069,2082.97,0.00675274
zipf_light_500k_500000.txt,zipf_light_500k,500000,14,0,ll,3452,12810,3452,3462.38,0.00300762
zipf_light_500k_500000.txt,zipf_light_500k,500000,14,0,ll,5758,23533,5758,5777.89,0.00345517
zipf_light_500k_500000.txt,zipf_light_500k,500000,14,0,ll,9605,43381,9605,9625.3,0.00211322
zipf_light_500k_500000.txt,zipf_light_500k,500000,14,0,ll,16023,79813,16023,15871.1,0.00947904
zipf_light_500k_500000.txt,zipf_light_500k,500000,14,0,ll,26727,147199,26727,26594.6,0.00495469
zipf_light_500k_500000.txt,zipf_light_500k,500000,14,0,ll,44584,271523,44584,44653.4,0.00155709
zipf_light_500k_500000.txt,zipf_light_500k,500000,14,0,ll,74370,499993,74370,75027.9,0.00884684
zipf_light_500k_500000.txt,zipf_light_500k,500000,14,0,hll,744,2087,744,746.763,0.00371321
zipf_light_500k_500000.txt,zipf_light_500k,500000,14,0,hll,1241,3777,1241,1249.45,0.00681202
zipf_light_500k_500000.txt,zipf_light_500k,500000,14,0,hll,2069,6910,2069,2082.97,0.00675274
zipf_light_500k_500000.txt,zipf_light_500k,500000,14,0,hll,3452,12810,3452,3462.38,0.00300762
zipf_light_500k_500000.txt,zipf_light_500k,500000,14,0,hll,5758,23533,5758,5777.89,0.00345517
zipf_light_500k_500000.txt,zipf_light_500k,500000,14,0,hll,9605,43381,9605,9625.3,0.00211322
zipf_light_500k_500000.txt,zipf_light_500k,500000,14,0,hll,16023,79813,16023,15871.1,0.00947904
zipf_light_500k_500000.txt,zipf_light_500k,500000,14,0,hll,26727,147199,26727,26594.6,0.00495469
zipf_light_500k_500000.txt,zipf_light_500k,500000,14,0,hll,44584,271523,44584,44568.9,0.000338397
zipf_light_500k_500000.txt,zipf_light_500k,500000,14,0,hll,74370,499993,74370,74750.3,0.00511378
zipf_light_500k_500000.txt,zipf_light_500k,500000,14,0,hll++,744,2087,744,744,0
zipf_light_500k_500000.txt,zipf_light_500k,500000,14,0,hll++,1241,3777,1241,1241,0
zipf_light_500k_500000.txt,zipf_light_500k,500000,14,0,hll++,2069,6910,2069,2069,0
zipf_light_500k_500000.txt,zipf_light_500k,500000,14,0,hll++,3452,12810,3452,3452,0
zipf_light_500k_500000.txt,zipf_light_500k,500000,14,0,hll++,5758,23533,5758,5777.89,0.00345517
zipf_light_500k_500000.txt,zipf_light_500k,500000,14,0,hll++,9605,43381,9605,9625.3,0.00211322
zipf_light_500k_500000.txt,zipf_light_500k,500000,14,0,hll++,16023,79813,16023,15871.1,0.00947904
zipf_light_500k_500000.txt,zipf_light_500k,500000,14,0,hll++,26727,147199,26727,26594.6,0.00495469
zipf_light_500k_500000.txt,zipf_light_500k,500000,14,0,hll++,44584,271523,44584,44665.3,0.00182412
zipf_light_500k_500000.txt,zipf_light_500k,500000,14,0,hll++,74370,499993,74370,74497.3,0.00171174
zipf_light_500k_500000.txt,zipf_light_500k,500000,14,1,ll,744,2087,744,746.763,0.00371321
zipf_light_500k_500000.txt,zipf_light_500k,500000,14,1,ll,1241,3777,1241,1249.45,0.00681202
zipf_light_500k_500000.txt,zipf_light_500k,500000,14,1,ll,2069,6910,2069,2082.97,0.00675274
zipf_light_500k_500000.txt,zipf_light_500k,500000,14,1,ll,3452,12810,3452,3462.38,0.00300762
zipf_light_500k_500000.txt,zipf_light_500k,500000,14,1,ll,5758,23533,5758,5777.89,0.00345517
zipf_light_500k_500000.txt,zipf_light_500k,500000,14,1,ll,9605,43381,9605,9625.3,0.00211322
zipf_light_500k_500000.txt,zipf_light_500k,500000,14,1,ll,16023,79813,16023,15871.1,0.00947904
zipf_light_500k_500000.txt,zipf_light_500k,500000,14,1,ll,26727,147199,26727,26594.6,0.00495469
zipf_light_500k_500000.txt,zipf_light_500k,500000,14,1,ll,44584,271523,44584,44653.4,0.00155709
zipf_light_500k_500000.txt,zipf_light_500k,500000,14,1,ll,74370,499993,74370,75027.9,0.00884684
zipf_light_500k_500000.txt,zipf_light_500k,500000,14,1,hll,744,2087,744,746.763,0.00371321
zipf_light_500k_500000.txt,zipf_light_500k,500000,14,1,hll,1241,3777,1241,1249.45,0.00681202
zipf_light_500k_500000.txt,zipf_light_500k,500000,14,1,hll,2069,6910,2069,2082.97,0.00675274
zipf_light_500k_500000.txt,zipf_light_500k,500000,14,1,hll,3452,12810,3452,3462.38,0.00300762
zipf_light_500k_500000.txt,zipf_light_500k,500000,14,1,hll,5758,23533,5758,5777.89,0.00345517
zipf_light_500k_500000.txt,zipf_light_500k,500000,14,1,hll,9605,43381,9605,9625.3,0.00211322
zipf_light_500k_500000.txt,zipf_light_500k,500000,14,1,hll,16023,79813,16023,15871.1,0.00947904
zipf_light_500k_500000.txt,zipf_light_500k,500000,14,1,hll,26727,147199,26727,26594.6,0.00495469
zipf_light_500k_500000.txt,zipf_light_500k,500000,14,1,hll,44584,271523,44584,44568.9,0.000338397
zipf_light_500k_500000.txt,zipf_light_500k,500000,14,1,hll,74370,499993,74370,74750.3,0.00511378
zipf_light_500k_500000.txt,zipf_light_500k,500000,14,1,hll++,744,2087,744,744,0
zipf_light_500k_500000.txt,zipf_light_500k,500000,14,1,hll++,1241,3777,1241,1241,0
zipf_light_500k_500000.txt,zipf_light_500k,500000,14,1,hll++,2069,6910,2069,2069,0
zipf_light_500k_500000.txt,zipf_light_500k,500000,14,1,hll++,3452,12810,3452,3452,0
zipf_light_500k_500000.txt,zipf_light_500k,500000,14,1,hll++,5758,23533,5758,5777.89,0.00345517
zipf_light_500k_500000.txt,zipf_light_500k,500000,14,1,hll++,9605,43381,9605,9625.3,0.00211322
zipf_light_500k_500000.txt,zipf_light_500k,500000,14,1,hll++,16023,79813,16023,15871.1,0.00947904
zipf_light_500k_500000.txt,zipf_light_500k,500000,14,1,hll++,26727,147199,26727,26594.6,0.00495469
zipf_light_500k_500000.txt,zipf_light_500k,500000,14,1,hll++,44584,271523,44584,44665.3,0.00182412
zipf_light_500k_500000.txt,zipf_light_500k,500000,14,1,hll++,74370,499993,74370,74497.3,0.00171174
zipf_light_500k_500000.txt,zipf_light_500k,500000,14,2,ll,744,2087,744,746.763,0.00371321
zipf_light_500k_500000.txt,zipf_light_500k,500000,14,2,ll,1241,3777,1241,1249.45,0.00681202
zipf_light_500k_500000.txt,zipf_light_500k,500000,14,2,ll,2069,6910,2069,2082.97,0.00675274
zipf_light_500k_500000.txt,zipf_light_500k,500000,14,2,ll,3452,12810,3452,3462.38,0.00300762
zipf_light_500k_500000.txt,zipf_light_500k,500000,14,2,ll,5758,23533,5758,5777.89,0.00345517
zipf_light_500k_500000.txt,zipf_light_500k,500000,14,2,ll,9605,43381,9605,9625.3,0.00211322
zipf_light_500k_500000.txt,zipf_light_500k,500000,14,2,ll,16023,79813,16023,15871.1,0.00947904
zipf_light_500k_500000.txt,zipf_light_500k,500000,14,2,ll,26727,147199,26727,26594.6,0.00495469
zipf_light_500k_500000.txt,zipf_light_500k,500000,14,2,ll,44584,271523,44584,44653.4,0.00155709
zipf_light_500k_500000.txt,zipf_light_500k,500000,14,2,ll,74370,499993,74370,75027.9,0.00884684
zipf_light_500k_500000.txt,zipf_light_500k,500000,14,2,hll,744,2087,744,746.763,0.00371321
zipf_light_500k_500000.txt,zipf_light_500k,500000,14,2,hll,1241,3777,1241,1249.45,0.00681202
zipf_light_500k_500000.txt,zipf_light_500k,500000,14,2,hll,2069,6910,2069,2082.97,0.00675274
zipf_light_500k_500000.txt,zipf_light_500k,500000,14,2,hll,3452,12810,3452,3462.38,0.00300762
zipf_light_500k_500000.txt,zipf_light_500k,500000,14,2,hll,5758,23533,5758,5777.89,0.00345517
zipf_light_500k_500000.txt,zipf_light_500k,500000,14,2,hll,9605,43381,9605,9625.3,0.00211322
zipf_light_500k_500000.txt,zipf_light_500k,500000,14,2,hll,16023,79813,16023,15871.1,0.00947904
zipf_light_500k_500000.txt,zipf_light_500k,500000,14,2,hll,26727,147199,26727,26594.6,0.00495469
zipf_light_500k_500000.txt,zipf_light_500k,500000,14,2,hll,44584,271523,44584,44568.9,0.000338397
zipf_light_500k_500000.txt,zipf_light_500k,500000,14,2,hll,74370,499993,74370,74750.3,0.00511378
zipf_light_500k_500000.txt,zipf_light_500k,500000,14,2,hll++,744,2087,744,744,0
zipf_light_500k_500000.txt,zipf_light_500k,500000,14,2,hll++,1241,3777,1241,1241,0
zipf_light_500k_500000.txt,zipf_light_500k,500000,14,2,hll++,2069,6910,2069,2069,0
zipf_light_500k_500000.txt,zipf_light_500k,500000,14,2,hll++,3452,12810,3452,3452,0
zipf_light_500k_500000.txt,zipf_light_500k,500000,14,2,hll++,5758,23533,5758,5777.89,0.00345517
zipf_light_500k_500000.txt,zipf_light_500k,500000,14,2,hll++,9605,43381,9605,9625.3,0.00211322
zipf_light_500k_500000.txt,zipf_light_500k,500000,14,2,hll++,16023,79813,16023,15871.1,0.00947904
zipf_light_500k_500000.txt,zipf_light_500k,500000,14,2,hll++,26727,147199,26727,26594.6,0.00495469
zipf_light_500k_500000.txt,zipf_light_500k,500000,14,2,hll++,44584,271523,44584,44665.3,0.00182412
zipf_light_500k_500000.txt,zipf_light_500k,500000,14,2,hll++,74370,499993,74370,74497.3,0.00171174
